product_id,sales_volume,actual_price,annual_usage_value,cumulative_percent,ABC_category
B09WN3SRC7,65,139900.0,9093500.0,1.1458781036777492,A
B0BC8BQ432,106,85000.0,9010000.0,2.2812343157123367,A
B09F9YQQ7B,326,24999.0,8149674.0,3.3081802648751295,A
B09F9YQQ7B,326,24999.0,8149674.0,4.335126214037922,A
B08VB57558,93,74999.0,6974907.0,5.214038976614341,A
B09NS5TKPN,87,75990.0,6611130.0,6.0471119526485495,A
B0B3XXSB1K,81,79990.0,6479190.0,6.86355907977978,A
B095JPKPH3,90,69999.0,6299910.0,7.657415012494409,A
B095JQVC7N,100,59999.0,5999900.0,8.41346648159389,A
B092BL5DCX,85,69900.0,5941500.0,9.162158927077076,A
B092BJMT8Q,107,52900.0,5660300.0,9.875417169805086,A
B0B9XLX8VR,87,65000.0,5655000.0,10.588007555937782,A
B09MJ77786,112,49999.0,5599888.0,11.293653241564636,A
B0B5V47VK4,112,49999.0,5599888.0,11.999298927191488,A
B0B3MMYHYW,120,45999.0,5519880.0,12.694862750464015,A
B09RWQ7YR6,78,69999.0,5459922.0,13.382871225483361,A
B08GJ57MKL,85,59900.0,5091500.0,14.024454594359511,A
B0B1YZ9CB8,106,47990.0,5086940.0,14.665463354542332,A
B0B3N7LR6K,298,16999.0,5065702.0,15.30379589993812,A
B0B3N7LR6K,298,16999.0,5065702.0,15.942128445333905,A
B09WRMNJ9G,128,38999.0,4991872.0,16.571157622346284,A
B0B2C5MJN6,89,54990.0,4894110.0,17.18786774342071,A
B09NNGHG22,86,56790.0,4883940.0,17.803296335896203,A
B09RFC46VP,113,42999.0,4858887.0,18.415567982846714,A
B099K9ZX65,106,44990.0,4768940.0,19.01650534731067,A
B0B19VJXQZ,79,59900.0,4732100.0,19.612800478383797,A
B0B3XY5YT4,94,49990.0,4699060.0,20.20493221664387,A
B08FD2VSD9,90,51990.0,4679100.0,20.79454878176385,A
B09XXZXQC1,123,37999.0,4673877.0,21.383507193110752,A
B0B15CPR37,97,47900.0,4646300.0,21.968990607980484,A
B0B15GSPQW,65,70900.0,4608500.0,22.549710819208165,A
B0B2RBP83P,75,59890.0,4491750.0,23.11571928373717,A
B0B997FBZT,89,49990.0,4449110.0,23.67635465294086,A
B0BB3CBFBM,66,65000.0,4290000.0,24.21694046311049,A
B08Y55LPBF,91,44999.0,4094909.0,24.732942724027954,A
B09PLD9TCD,95,42999.0,4084905.0,25.24768437411909,A
B0B6F8HHR6,112,35999.0,4031888.0,25.75574531607555,A
B09VCHLSJF,96,39999.0,3839904.0,26.23961422395751,A
B07WDKLDRX,109,34999.0,3814891.0,26.72033122674162,A
B0B1YZX72F,93,40990.0,3812070.0,27.200692753402073,A
B08XXF5V6G,73,50999.0,3722927.0,27.669821310161375,A
B0B3MWYCHQ,370,9999.0,3699630.0,28.136014196146892,A
B0B3MWYCHQ,370,9999.0,3699630.0,28.602207082132413,A
B0B3RRWSF6,362,9999.0,3619638.0,29.05832012193446,A
B0B3RRWSF6,362,9999.0,3619638.0,29.514433161736505,A
B0B1YY6JJL,103,34990.0,3603970.0,29.96857186622999,A
B087JWLZ2K,72,50000.0,3600000.0,30.42221030833038,A
B09ZPJT8B2,111,31990.0,3550890.0,30.86966036601645,A
B09YV4MW2T,348,9999.0,3479652.0,31.308133674997425,A
B09YV4MW2T,348,9999.0,3479652.0,31.7466069839784,A
B09T3KB6JZ,82,40990.0,3361180.0,32.170151555872565,A
B09JPC82QC,96,34999.0,3359904.0,32.59353533814114,A
B09XJ5LD6L,100,32999.0,3299900.0,33.009357975665324,A
B0B3CPQ5PF,109,28999.0,3160891.0,33.4076639948012,A
B07WHS7MZ1,79,39990.0,3159210.0,33.80575818998675,A
B07WHSJXLF,105,29990.0,3148950.0,34.20255951561231,A
B09TWH8YHM,125,24999.0,3124875.0,34.596327134156326,A
B0BJ966M5K,120,24999.0,2999880.0,34.97434404795858,A
B0B7B9V9QP,85,35000.0,2975000.0,35.34922581608321,A
B07WDK3ZS2,98,29990.0,2939020.0,35.7195737200004,A
B09ZPM4C2C,94,30990.0,2913060.0,36.08665038670733,A
B09Q5P2MT3,91,31999.0,2911909.0,36.45358201512347,A
B0B5B6PQCT,362,7990.0,2892380.0,36.818052781001896,A
B0B5B6PQCT,362,7990.0,2892380.0,37.182523546880326,A
B0BNDD9TN6,100,28900.0,2890000.0,37.54669440734425,A
B0B3D39RKV,85,33999.0,2889915.0,37.91085455690051,A
B08GTYFC37,90,32000.0,2880000.0,38.27376531058082,A
B09YV4RG4D,354,7999.0,2831646.0,38.630582943919656,A
B09YV4RG4D,354,7999.0,2831646.0,38.98740057725849,A
B096VF5YYF,354,7990.0,2828460.0,39.34381674057607,A
B096VF5YYF,354,7990.0,2828460.0,39.70023290389364,A
B09X1M3DHX,101,27990.0,2826990.0,40.05646383151402,A
B09HQSV46W,92,29999.0,2759908.0,40.40424171080858,A
B09MQSCJQ1,340,7990.0,2716600.0,40.74656231964467,A
B09MQSCJQ1,340,7990.0,2716600.0,41.08888292848076,A
B07WFPMGQQ,96,27990.0,2687040.0,41.42747866166449,A
B09TWHTBKQ,103,25999.0,2677897.0,41.764922279215966,A
B0B6F98KJJ,89,29999.0,2669911.0,42.101359575490044,A
B0B6F7LX4C,105,24999.0,2624895.0,42.43212437506702,A
B0BJ6P3LSK,104,24999.0,2599896.0,42.75973903369564,A
B08BJN4MP3,103,24850.0,2559550.0,43.0822696654951,A
B096NTB9XT,104,24500.0,2548000.0,43.40334487395948,A
B0B3CQBRB4,87,28999.0,2522913.0,43.721258852535826,A
B07WGPKTS4,125,19999.0,2499875.0,44.036269797104076,A
B07WGPKMP5,119,20999.0,2498881.0,44.351155487058044,A
B07WHQWXL7,117,20999.0,2456883.0,44.66074898054219,A
B0B9959XF3,106,22990.0,2436940.0,44.96782944306778,A
B09T2S8X9C,83,28999.0,2406917.0,45.27112668699693,A
B092R48XXB,80,29999.0,2399920.0,45.57354223420959,A
B07WGMMQGP,114,20999.0,2393886.0,45.87519743298901,A
B09V12K8NT,340,6990.0,2376600.0,46.17467441118229,A
B09V12K8NT,340,6990.0,2376600.0,46.474151389375564,A
B07WHQBZLS,108,21990.0,2374920.0,46.77341666962919,A
B08VB34KJ1,110,20990.0,2308900.0,47.06436272489741,A
B09NNJ9WYM,114,19990.0,2278860.0,47.35152341938766,A
B0BC9BW512,91,24990.0,2274090.0,47.63808304294212,A
B07R679HTT,92,23999.0,2207908.0,47.91630302778129,A
B09YL9SN9B,92,23990.0,2207080.0,48.19441867577877,A
B0BF57RN3K,110,19999.0,2199890.0,48.47162830699883,A
B09T2WRLJJ,81,26999.0,2186919.0,48.74720345370987,A
B08QX1CC14,114,19125.0,2180250.0,49.02193823520692,A
B0B4F1YC3J,111,19499.0,2164389.0,49.29467436133448,A
B09DG9VNWB,72,29999.0,2159928.0,49.566848353825876,A
B07WDKLRM4,108,19999.0,2159892.0,49.83901780993284,A
B09LJ116B5,102,20999.0,2141898.0,50.10891982989338,A
B0B8CXTTG3,82,25999.0,2131918.0,50.37756426328388,A
B06XGWRKYT,133,15999.0,2127867.0,50.64569822741633,A
B0B467CCB9,125,16990.0,2123750.0,50.91331340558597,A
B0B21XL94T,60,34990.0,2099400.0,51.17786022373751,A
B09LHZSMRR,99,20999.0,2078901.0,51.43982394899333,A
B0B4F5L738,105,19499.0,2047395.0,51.6978175818167,A
B0B14MR9L1,81,24999.0,2024919.0,51.95297899863322,A
B09F6S8BT6,88,22900.0,2015200.0,52.20691571766675,A
B08444S68L,126,15990.0,2014740.0,52.46079447178823,A
B09T39K9YL,80,24999.0,1999920.0,52.712805747656404,A
B0B4F4QZ1H,102,19499.0,1988898.0,52.963428133827676,A
B09M3F4HGB,104,18990.0,1974960.0,53.212294183163955,A
B0BF54972T,97,19999.0,1939903.0,53.45674267614892,A
B08J82K4GX,101,19110.0,1930110.0,53.69995714656069,A
B08MZNT7GP,96,19825.0,1903200.0,53.93978066961776,A
B08DPLCM6T,86,21990.0,1891140.0,54.1780845038938,A
B0B4F2XCK3,105,17999.0,1889895.0,54.41623145487528,A
B01KCSGBU2,80,23559.0,1884720.0,54.65372630059623,A
B01N1XVVLC,117,15999.0,1871883.0,54.88960354723907,A
B09LHYZ3GJ,89,20999.0,1868911.0,55.125106290145816,A
B097R25DP7,370,4999.0,1849630.0,55.35817942116308,A
B097R25DP7,370,4999.0,1849630.0,55.591252552180336,A
B09QS9CWLV,97,18999.0,1842903.0,55.823478009364266,A
B0BF54LXW6,91,19999.0,1819909.0,56.05280597700995,A
B09DSXK8JX,93,19499.0,1813407.0,56.28131462322494,A
B0B5LVS732,362,4999.0,1809638.0,56.50934833519318,A
B0B5LVS732,362,4999.0,1809638.0,56.73738204716142,A
B0B1YVCJ2Y,90,19990.0,1799100.0,56.96408785860109,A
B07WDK3ZS6,94,18999.0,1785906.0,57.189131085150464,A
B09Q5SWVBJ,81,21999.0,1781919.0,57.413671907125206,A
B0B4F2ZWL3,99,17999.0,1781901.0,57.63821046090774,A
B0B56YRBNT,131,13499.0,1768369.0,57.861043838190696,A
B09QS8V5N8,98,17999.0,1763902.0,58.08331432577341,A
B0B4F3QNDM,89,19499.0,1735411.0,58.301994643118924,A
B0B53DS4TF,86,20049.0,1724214.0,58.51926401889884,A
B0BCYQY9X5,104,16490.0,1714960.0,58.735367291861195,A
B07WJV6P1R,90,18999.0,1709910.0,58.95083421089783,A
B08B42LWKN,85,19999.0,1699915.0,59.16504165320424,A
B09QS9X16F,89,18999.0,1690911.0,59.37811449536269,A
B09F6VHQXB,83,20000.0,1660000.0,59.58729222144231,A
B09MT84WV5,412,3999.0,1647588.0,59.794905902982116,A
B09MT84WV5,412,3999.0,1647588.0,60.00251958452192,A
B09YLWT89W,90,18000.0,1620000.0,60.2066568834671,A
B07WJWRNVK,76,20990.0,1595240.0,60.40767415801605,A
B0B3NDPCS9,87,17999.0,1565913.0,60.6049959174007,A
B0BF4YBLPX,78,19999.0,1559922.0,60.80156274681129,A
B08PZ6HZLT,81,18999.0,1538919.0,60.99548297394426,A
B086X18Q71,124,12150.0,1506600.0,61.18533066196328,A
B0B466C3G4,78,18990.0,1481220.0,61.37198019896548,A
B084872DQY,98,14999.0,1469902.0,61.55720354710999,A
B0B4F2TTTS,97,14999.0,1454903.0,61.740536861089765,A
B0B7FJNSZR,72,19990.0,1439280.0,61.921901510241504,A
B0977CGNJJ,124,11495.0,1425380.0,62.10151461096402,A
B08J7VCT12,95,14999.0,1424905.0,62.281067856614314,A
B08PV1X771,68,20900.0,1421200.0,62.46015423270128,A
B09NY6TRXG,118,11999.0,1415882.0,62.63857048400072,A
B0BBFJ9M3X,88,15999.0,1407912.0,62.81598243019362,A
B0BMGG6NKT,103,13499.0,1390397.0,62.991187299355026,A
B0B16KD737,86,15999.0,1375914.0,63.164567155861725,A
B08QHLXWV3,114,11990.0,1366860.0,63.336806111686535,A
B0BBFJLP21,85,15999.0,1359915.0,63.50816992335014,A
B08GM5S4CQ,94,14290.0,1343260.0,63.67743502716563,A
B08FN6WGDQ,82,15990.0,1311180.0,63.84265770841929,A
B0811VCGL5,99,12999.0,1286901.0,64.00482097641303,A
B0B4F52B5X,85,14999.0,1274915.0,64.16547388041592,A
B08CS3BT4L,97,12999.0,1260903.0,64.32436112279362,A
B0BF563HB4,63,19999.0,1259937.0,64.48312663885602,A
B0BD3T6Z1D,93,13499.0,1255407.0,64.64132132654544,A
B097R3XH9R,82,15270.0,1252140.0,64.79910433734865,A
B09N3BFP4M,107,11500.0,1230500.0,64.95416047707214,A
B07TC9F7PN,72,16899.0,1216728.0,65.10748119773322,A
B09QS9X9L8,64,18999.0,1215936.0,65.26070211793706,A
B0BMGB3CH9,101,11999.0,1211899.0,65.41341433303234,A
B00JBNZPFM,110,10999.0,1209890.0,65.56587339267479,A
B097R45BH8,92,13150.0,1209800.0,65.71832111135619,A
B07YC8JHMB,75,16000.0,1200000.0,65.86953392538966,A
B08CRRQK6Z,96,12499.0,1199904.0,66.020734642398,A
B09RMQYHLH,74,15999.0,1183926.0,66.16992196078749,A
B0BBN3WF7V,131,8999.0,1178869.0,66.3184720431765,A
B08N6P8G5K,107,10995.0,1176465.0,66.46671919589473,A
B01M5F614J,84,13999.0,1175916.0,66.61489716875055,A
B01L6MT7E0,98,11995.0,1175510.0,66.76302398127093,A
B07VZH6ZBB,94,12500.0,1175000.0,66.91108652834536,A
B08VB2CMR3,55,20990.0,1154450.0,67.05655955597948,A
B09YV575RK,115,9999.0,1149885.0,67.20145734486687,A
B09MKP344P,85,12999.0,1104915.0,67.34068843354837,A
B072NCN9M4,93,11850.0,1102050.0,67.47955850163633,A
B08L879JSN,80,13750.0,1100000.0,67.61817024783369,A
B0B9XN9S3W,73,14990.0,1094270.0,67.75605995284401,A
B088Z1YWBC,68,15990.0,1087320.0,67.89307388363973,A
B07JGCGNDG,94,11500.0,1081000.0,68.02929142694822,A
B07SLNG3LW,105,10295.0,1080975.0,68.16550581998973,A
B0BMGB2TPR,90,11999.0,1079910.0,68.3015860116588,A
B07DZ986Q2,119,8995.0,1070405.0,68.43646847183004,A
B0B3RS9DNF,106,9999.0,1059894.0,68.57002643376103,A
B09NY7W8YD,87,11999.0,1043913.0,68.70157061904112,A
B0972BQ2RS,104,9999.0,1039896.0,68.83260861942624,A
B097RJ867P,89,11595.0,1031955.0,68.96264596901449,A
B07MKFNHKG,79,12999.0,1026921.0,69.09204898084788,A
B09FZ89DK6,102,9999.0,1019898.0,69.22056701968712,A
B0B3RSDSZ3,102,9999.0,1019898.0,69.34908505852637,A
B01FSYQ2A4,338,2990.0,1010620.0,69.4764339702918,A
B01FSYQ2A4,338,2990.0,1010620.0,69.6037828820572,A
B09XB7DPW1,84,11999.0,1007916.0,69.73079106094833,A
B07FJNNZCJ,77,13049.0,1004773.0,69.85740318827737,A
B07Z51CGGH,100,9999.0,999900.0,69.98340126557075,A
B07MDRGHWQ,90,11000.0,990000.0,70.10815183714836,A
B0188KPKB2,103,9455.0,973865.0,70.23086922643061,A
B097R4D42G,100,9650.0,965000.0,70.35246953104918,A
B09XB7SRQ5,79,11999.0,947921.0,70.47191769929204,A
B09YV463SW,94,9999.0,939906.0,70.59035589194781,A
B09XB8GFBQ,78,11999.0,935922.0,70.708292058061,A
B0B31FR4Y2,91,9999.0,909909.0,70.82295030839798,A
B09TBCVJS3,113,7999.0,903887.0,70.93684972242987,A
B0BNXFDTZ2,75,11999.0,899925.0,71.05024988215409,A
B09GFPVD9Y,81,10999.0,890919.0,71.16251518970898,A
B0BP18W8TM,87,9999.0,869913.0,71.27213351695423,A
B07D8VBYB4,111,7776.0,863136.0,71.38089786983222,A
B0B8XNPQPN,108,7950.0,858600.0,71.48909063827317,A
B01892MIPA,78,10900.0,850200.0,71.59622491701587,A
B0BLV1GNLN,85,9990.0,849150.0,71.7032268845463,A
B09F5Z694W,88,9625.0,847000.0,71.80995792911826,A
B0B5DDJNH4,106,7990.0,846940.0,71.9166814130495,A
B09RKFBCV7,105,7999.0,839895.0,72.0225171517517,A
B0B53QFZPY,140,5999.0,839860.0,72.12834848008016,A
B09YV3K34W,83,9999.0,829917.0,72.23292688423366,A
B0BBWJFK5C,92,8999.0,827908.0,72.33725213293434,A
B09GFLXVH9,97,8499.0,824403.0,72.44113571420738,A
B07FL3WRX5,126,6500.0,819000.0,72.54433845978521,A
B09GFPN6TP,86,9499.0,816914.0,72.64727834708799,A
B00K57MR22,94,8478.0,796932.0,72.74770028901575,A
B09V17S2BG,114,6990.0,796860.0,72.84811315817467,A
B09HSKYMB3,79,9999.0,789921.0,72.94765163923644,A
B014HDJ7ZE,106,7445.0,789170.0,73.04709548627876,A
B09GFM8CGS,98,7999.0,783902.0,73.14587550906748,A
B08WRKSF9D,92,8500.0,782000.0,73.24441585954595,A
B08KRMK9LZ,130,5999.0,779870.0,73.34268780727952,A
B08D11DZ2W,86,8999.0,773914.0,73.44020923541277,A
B0B3X2BY3M,106,7299.0,773694.0,73.53770294119677,A
B0BCKJJN8R,106,7290.0,772740.0,73.63507643279362,A
B01JOFKL0A,121,6355.0,768955.0,73.73197297397287,A
B07H3N8RJH,128,6000.0,768000.0,73.82874917495428,A
B0B5GF6DQD,127,5999.0,761873.0,73.92475330850938,A
B072J83V9W,76,9995.0,759620.0,74.02047354000614,A
B0BBN4DZBD,84,8999.0,755916.0,74.11572702795023,A
B08CFJBZRK,119,6295.0,749105.0,74.21012225716402,A
B07P1BR7L8,83,8995.0,746585.0,74.30419993946833,A
B0BD92GDQH,106,6999.0,741894.0,74.39768650568044,A
B07Y9PY6Y1,84,8820.0,740880.0,74.4910452970647,A
B09PDZNSBG,110,6700.0,737000.0,74.58391516701693,A
B0BBN56J5H,80,8999.0,719920.0,74.67463277458273,A
B0B2X35B1K,102,6999.0,713898.0,74.76459154584346,A
B00S9BSJC8,79,8995.0,710605.0,74.85413536394033,A
B09FKDH6FS,88,7999.0,703912.0,74.94283579256692,A
B0B5CGTBKV,88,7990.0,703120.0,75.03143642073627,A
B0949SBKMP,99,6990.0,692010.0,75.11863707026902,A
B0B53NXFFR,115,5999.0,689885.0,75.20556994711025,A
B09CTWFV5W,69,9995.0,689655.0,75.29247384149545,A
B0BGSV43WY,85,7999.0,679915.0,75.37815039187342,A
B078JT7LTD,84,8073.0,678132.0,75.46360226521188,A
B075S9FVRY,94,7200.0,676800.0,75.54888629232674,A
B096MSW6CT,356,1899.0,676044.0,75.63407505536878,A
B0756KCV5K,126,5295.0,667170.0,75.71814559965104,A
B094QZLJQ6,81,7999.0,647919.0,75.79979031236415,A
B0BNVBJW2S,81,7990.0,647190.0,75.88134316329275,A
B0B5D39BCD,81,7990.0,647190.0,75.96289601422136,A
B08HDCWDXD,92,6999.0,643908.0,76.04403529810357,A
B078JF6X9B,106,6070.0,643420.0,76.12511308877474,A
B07DGD4Z4C,111,5795.0,643245.0,76.2061688275772,A
B09V175NP7,92,6990.0,643080.0,76.28720377461774,A
B09MFR93KS,106,5999.0,635894.0,76.36733320892357,A
B09NC2TY11,106,5999.0,635894.0,76.4474626432294,A
B0B2CWRDB1,63,9999.0,629937.0,76.52684143192423,A
B0B6BLTGTT,105,5999.0,629895.0,76.60621492817057,A
B07MKMFKPG,59,10590.0,624810.0,76.68494766011744,A
B07DXRGWDJ,104,5995.0,623480.0,76.76351279786209,A
B09CYTJV3N,103,5999.0,617897.0,76.84137441798946,A
B0BMVWKZ8G,72,8499.0,611928.0,76.91848388037768,A
B09VKWGZD7,68,8990.0,611320.0,76.99551672827346,A
B09J2SCVQT,122,5000.0,610000.0,77.07238324207381,A
B07RCGTZ4M,61,9999.0,609939.0,77.14924206922277,A
B08D9MNH4B,87,7005.0,609435.0,77.22603738698984,A
B09P182Z2H,105,5799.0,608895.0,77.3027646589906,A
B08H673XKN,78,7795.0,608010.0,77.379380411541,A
B078JDNZJ8,97,6190.0,600430.0,77.45504100314943,A
B0718ZN31Q,120,4999.0,599880.0,77.53063228888476,A
B09BNXQ6BR,92,6499.0,597908.0,77.60597508156236,A
B07YFWVRCM,79,7500.0,592500.0,77.68063640849138,A
B08CFCK6CW,74,7999.0,591926.0,77.75522540529103,A
B097XJQZ8H,98,6000.0,588000.0,77.82931968416742,A
B09KGV7WSV,98,5999.0,587902.0,77.90340161399733,A
B08GSQXLJ2,56,10400.0,582400.0,77.97679023307491,A
B08G8H8DPL,91,6375.0,580125.0,78.0498921778592,A
B08YRMBK9R,92,6299.0,579508.0,78.12291637405497,A
B06XDKWLJH,101,5734.0,579134.0,78.19589344225702,A
B071113J7M,77,7506.0,577962.0,78.26872282594402,A
B0B53QLB9H,96,5999.0,575904.0,78.34129287965496,A
B0756K5DYZ,90,6295.0,566550.0,78.4126842294805,A
B09XHXXCFH,103,5495.0,565985.0,78.48400438327279,A
B0B7DHSKS7,106,5299.0,561694.0,78.55478382524421,A
B09YV42QHZ,70,7999.0,559930.0,78.62534098437901,A
B0BNV7JM5Y,69,7990.0,551310.0,78.69481193146633,A
B00EDJJ7FS,104,5295.0,550680.0,78.7642034918263,A
B083M7WPZD,91,5999.0,545909.0,78.83299385523978,A
B00KXULGJQ,99,5499.0,544401.0,78.90159419455031,A
B071R3LHFM,98,5500.0,539000.0,78.96951395018701,A
B08MVXPTDG,128,4200.0,537600.0,79.037257290874,A
B082ZQ4479,123,4330.0,532590.0,79.1043693180624,A
B0B9RN5X8B,113,4700.0,531100.0,79.17129358934004,A
B097C564GC,106,4999.0,529894.0,79.23806589173958,A
B086WMSCN3,88,5999.0,527912.0,79.30458844097461,A
B08MZQBFLN,104,4999.0,519896.0,79.3701008886119,A
B0B9BD2YL4,74,6999.0,517926.0,79.43536509521282,A
B097R2V1W8,87,5890.0,512430.0,79.49993674712545,A
B0B31BYXQQ,93,5499.0,511407.0,79.56437949011412,A
B07N42JB4S,128,3990.0,510720.0,79.62873566376676,A
B075JJ5NQC,102,4999.0,509898.0,79.6929882566418,A
B09PLFJ7ZW,101,4999.0,504899.0,79.75661092213569,A
B07WVQG8WZ,101,4995.0,504495.0,79.82018267931554,A
B08TV2P1N8,124,3990.0,494760.0,79.88252772254154,A
B00KRCBA6E,98,5000.0,490000.0,79.94427295493854,A
B09LQQYNZQ,104,4699.0,488696.0,80.00585386941096,B
B078HRR1XV,104,4699.0,488696.0,80.06743478388337,B
B0B25LQQPC,80,6100.0,488000.0,80.12892799492364,B
B094JB13XL,81,5999.0,485919.0,80.19015897774224,B
B07VTFN6HM,66,7350.0,485100.0,80.25128675781528,B
B0B1F6GQPS,107,4499.0,481393.0,80.31194741630361,B
B09ND94ZRG,80,5999.0,479920.0,80.37242246106273,B
B008P7IF02,82,5795.0,475190.0,80.4323014753132,B
B09NR6G588,95,4999.0,474905.0,80.49214457652033,B
B09XRBJ94N,102,4600.0,469200.0,80.55126878680741,B
B09P22HXH6,84,5490.0,461160.0,80.60937987124048,B
B07WKB69RS,83,5550.0,460650.0,80.66742669022757,B
B0B5RP43VN,98,4650.0,455700.0,80.72484975635679,B
B08Y5QJXSR,87,5190.0,451530.0,80.78174735795723,B
B09MDCZJXS,82,5499.0,450918.0,80.83856784102251,B
B078JBK4GX,97,4560.0,442320.0,80.89430488427524,B
B0856HY85J,88,4999.0,439912.0,80.94973849381448,B
B08WWKM5HQ,92,4780.0,439760.0,81.00515294973061,B
B00GHL8VP2,88,4990.0,439120.0,81.06048675881259,B
B07G147SZD,115,3799.0,436885.0,81.11553893402844,B
B0B1MDZV9C,97,4495.0,436015.0,81.1704814799541,B
B01EJ5MM5M,112,3875.0,434000.0,81.22517011436287,B
B00935MD1C,110,3945.0,433950.0,81.27985244823772,B
B08S6RKT4L,101,4290.0,433290.0,81.33445161506485,B
B09NVPJ3P4,108,3999.0,431892.0,81.38887461896364,B
B09Y358DZQ,100,4295.0,429500.0,81.44299620531979,B
B0BHZCNC4P,107,3999.0,427893.0,81.4969152925158,B
B08T8KWNQ9,85,4999.0,424915.0,81.55045911991165,B
B00W56GLOQ,84,5000.0,420000.0,81.60338360482336,B
B07JW9H4J1,382,1099.0,419818.0,81.65628515579162,B
B07JW9H4J1,382,1099.0,419818.0,81.70918670675987,B
B09DL9978Y,91,4590.0,417690.0,81.76182010700457,B
B09LRZYBH1,104,3999.0,415896.0,81.81422744409228,B
B0B217Z5VK,104,3999.0,415896.0,81.86663478118,B
B09WMTJPG7,94,4400.0,413600.0,81.9187527977502,B
B0B54Y2SNX,103,3990.0,410970.0,81.97053940623631,B
B09RZS1NQT,410,999.0,409590.0,82.02215211998629,B
B09RZS1NQT,410,999.0,409590.0,82.07376483373626,B
B0B3G5XZN5,117,3499.0,409383.0,82.1253514632758,B
B07NC12T2R,82,4990.0,409180.0,82.17691251264765,B
B09ZQK9X8G,68,5999.0,407932.0,82.2283163006929,B
B09Y5MP7C4,115,3499.0,402385.0,82.27902110750529,B
B0BCZCQTJX,100,3999.0,399900.0,82.32941277778193,B
B0873L7J6X,100,3999.0,399900.0,82.37980444805858,B
B08C4Z69LN,114,3500.0,399000.0,82.43008270872471,B
B078G6ZF5Z,332,1199.0,398068.0,82.4802435274386,B
B078G6ZF5Z,332,1199.0,398068.0,82.5304043461525,B
B07ZKD8T1Q,132,2999.0,395868.0,82.580287941374,B
B07GVR9TG7,79,4999.0,394921.0,82.63005220448309,B
B077BTLQ67,80,4890.0,391200.0,82.679347581858,B
B09P18XVW6,78,4999.0,389922.0,82.72848191758597,B
B07WG8PDCW,300,1299.0,389700.0,82.77758827894333,B
B07WG8PDCW,300,1299.0,389700.0,82.8266946403007,B
B09H3BXWTK,139,2799.0,389061.0,82.87572048083459,B
B078HG2ZPS,75,5156.0,386700.0,82.92444881015687,B
B09NNHFSSF,82,4700.0,385400.0,82.9730133255973,B
B07W4HTS8Q,101,3790.0,382790.0,83.02124895316717,B
B09MT94QLL,80,4775.0,382000.0,83.06938503230117,B
B09BN2NPBD,109,3495.0,380955.0,83.11738943027626,B
B08S7V8YTN,108,3500.0,378000.0,83.1650214666968,B
B0B2931FCV,90,4199.0,377910.0,83.21264216215629,B
B09BVCVTBC,108,3499.0,377892.0,83.26026058942357,B
B09N3ZNHTY,84,4490.0,377160.0,83.30778677687428,B
B0756CLQWL,94,3999.0,375906.0,83.35515494693433,B
B08H6B3G96,94,3995.0,375530.0,83.40247573697933,B
B086199CWG,78,4799.0,374322.0,83.44964430612485,B
B07LG59NPV,83,4499.0,373417.0,83.49669883560647,B
B0BDRVFDKP,372,1000.0,372000.0,83.54357480795684,B
B0BDRVFDKP,372,1000.0,372000.0,83.59045078030722,B
B00A328ENA,94,3945.0,370830.0,83.63717932016391,B
B08ZJDWTJ1,74,4999.0,369926.0,83.68379394636736,B
B09VL9KFDB,88,4200.0,369600.0,83.73036749308967,B
B018SJJ0GE,123,2999.0,368877.0,83.77684993409152,B
B08D9NDZ1Y,85,4332.96,368301.6,83.82325986854904,B
B0912WJ87V,92,4000.0,368000.0,83.86963179818596,B
B08HF4W2CT,105,3499.0,367395.0,83.9159274913625,B
B09XTQFFCG,114,3199.0,364686.0,83.96188182161133,B
B092X94QNQ,91,3990.0,363090.0,84.0076350388175,B
B01DEWVZ2C,362,999.0,361638.0,84.0532052885187,B
B01DEWVZ2C,362,999.0,361638.0,84.0987755382199,B
B08HV25BBQ,72,4999.0,359928.0,84.1441303096611,B
B09NVPSCQT,90,3999.0,359910.0,84.18948281291007,B
B0B9BXKBC7,90,3999.0,359910.0,84.23483531615906,B
B07NPBG1B4,109,3300.0,359700.0,84.2801613571656,B
B078KRFWQB,91,3945.0,358995.0,84.32539856064388,B
B097MKZHNV,74,4849.0,358826.0,84.37061446831753,B
B0BL11S5QK,92,3890.0,357880.0,84.41571116988943,B
B08Y1TFSP6,356,1000.0,356000.0,84.46057097138603,B
B08Y1TFSP6,356,1000.0,356000.0,84.50543077288262,B
B096MSW6CT,356,999.0,355644.0,84.55024571457773,B
B09HN7LD5L,79,4500.0,355500.0,84.59504251073514,B
B07TXCY3YK,90,3899.0,350910.0,84.63926091787887,B
B08H6CZSHT,106,3295.0,349270.0,84.6832726675101,B
B09MB3DKG1,87,3999.0,347913.0,84.72711342065078,B
B01M69WCZ6,98,3550.0,347900.0,84.77095253565265,B
B009P2LIL4,112,3080.0,344960.0,84.81442117926014,B
B0B935YNR7,115,2999.0,344885.0,84.85788037206675,B
B01486F4G6,93,3690.0,343170.0,84.90112345655996,B
B08SMJT55F,86,3990.0,343140.0,84.94436276073283,B
B00YMJ0OI8,94,3645.0,342630.0,84.98753779945974,B
B07PR1CL3S,85,3990.0,339150.0,85.03027432102594,B
B09LD3116F,85,3990.0,339150.0,85.07301084259215,B
B07W7Z6DVL,113,2999.0,338887.0,85.11571422334995,B
B07XLML2YS,102,3299.0,336498.0,85.15811656459715,B
B097JVLW3L,96,3500.0,336000.0,85.20045615252651,B
B09ZDVL7L8,86,3895.0,334970.0,85.24266594945718,B
B0BP89YBC1,95,3500.0,332500.0,85.28456450001228,B
B01M6453MB,109,3045.0,331905.0,85.32638807421375,B
B09PNKXSKF,83,3990.0,331170.0,85.36811903056665,B
B09H7JDJCW,92,3595.0,330740.0,85.40979580232784,B
B07TTSS5MP,100,3299.0,329900.0,85.4513667251192,B
B09R1YFL6S,109,2999.0,326891.0,85.49255848177938,B
B08HLC7Z3G,109,2995.0,326455.0,85.5336952977838,B
B09SDDQQKP,98,3295.0,322910.0,85.57438540593341,B
B08MXJYB2V,95,3390.0,322050.0,85.61496714489964,B
B0832W3B7Q,89,3595.0,319955.0,85.6552848914947,B
B07YY1BY5B,64,4999.0,319936.0,85.69560024388689,B
B08JQN8DGZ,107,2990.0,319930.0,85.73591484021499,B
B07W9KYT62,80,3999.0,319920.0,85.7762281764363,B
B07DJ5KYDZ,114,2796.0,318744.0,85.81639332409988,B
B0859M539M,106,2999.0,317894.0,85.85645136268684,B
B07B88KQZ8,105,2999.0,314895.0,85.89613149524939,B
B009P2LITG,96,3279.0,314784.0,85.93579764062665,B
B07YCBSCYB,95,3300.0,313500.0,85.9753019882929,B
B0789LZTCJ,392,799.0,313208.0,86.01476954084106,B
B0789LZTCJ,392,799.0,313208.0,86.05423709338922,B
B085DTN6R2,348,899.0,312852.0,86.09365978613587,B
B085DTN6R2,348,899.0,312852.0,86.13308247888254,B
B08HLZ28QC,89,3490.0,310610.0,86.17222265568832,B
B098QXR9X2,103,2999.0,308897.0,86.21114697620207,B
B00H0B29DI,102,2990.0,304980.0,86.24957771288867,B
B09X5C9VLK,87,3500.0,304500.0,86.28794796444966,B
B07Y1RCCW5,119,2550.0,303450.0,86.32618590479838,B
B00NH11KIK,432,695.0,300240.0,86.36401935086955,B
B00NH11KIK,432,695.0,300240.0,86.40185279694072,B
B0747VDH9L,75,3995.0,299625.0,86.4396087464447,B
B083GKDRKR,100,2995.0,299500.0,86.47734894461388,B
B0978V2CP6,96,3100.0,297600.0,86.51484972249419,B
B07L1N3TJX,85,3499.0,297415.0,86.55232718839899,B
B079S811J3,99,2999.0,296901.0,86.58973988481512,B
B0B12K5BPM,129,2299.0,296571.0,86.62711099770738,B
B09Z28BQZT,74,3999.0,295926.0,86.6644008337121,B
B01L7C4IU2,97,3045.0,295365.0,86.70161997772627,B
B016XVRKZM,72,4100.0,295200.0,86.7388183299785,B
B00MUTWLW4,89,3295.0,293255.0,86.77577159146131,B
B01M265AAK,65,4495.0,292175.0,86.8125887614115,B
B08498H13H,83,3499.0,290417.0,86.84918440458914,B
B0148NPH9I,90,3195.0,287550.0,86.8854187751519,B
B0B244R4KB,99,2899.0,287001.0,86.92158396585225,B
B0B694PXQJ,95,2999.0,284905.0,86.95748503817076,B
B00EYW1U68,79,3599.0,284321.0,86.9933125202531,B
B01GFTEV5Y,89,3193.0,284177.0,87.02912185679774,B
B0B82YGCF6,81,3499.0,283419.0,87.06483567724821,B
B09X76VL5L,81,3490.0,282690.0,87.10045763591414,B
B09P1MFKG1,94,2999.0,281906.0,87.13598080220824,B
B01GGKYKQM,402,700.0,281400.0,87.17144020709908,B
B01GGKYKQM,402,700.0,281400.0,87.20689961198994,B
B00V9NHDI4,74,3799.0,281126.0,87.24232448995491,B
B08D64C9FN,100,2799.0,279900.0,87.27759487882821,B
B017NC2IPM,96,2911.0,279456.0,87.31280931896033,B
B0B7NWGXS6,109,2545.0,277405.0,87.34776531119113,B
B0B8VQ7KDS,111,2499.0,277389.0,87.38271928725106,B
B09J2QCKKM,79,3500.0,276500.0,87.41756123981794,B
B09TMZ1MF8,69,4000.0,276000.0,87.45234018704564,B
B0B9F9PT8R,92,2999.0,275908.0,87.48710754129092,B
B08TM71L54,65,4195.0,272675.0,87.52146750301307,B
B00NM6MO26,69,3945.0,272205.0,87.55576823971639,B
B00TI8E7BI,101,2695.0,272195.0,87.59006771631292,B
B08HDJ86NZ,388,699.0,271212.0,87.62424332441262,B
B08HDJ86NZ,388,699.0,271212.0,87.65841893251232,B
B08FB2LNSZ,90,2999.0,269910.0,87.6924304747088,B
B07K19NYZ8,82,3290.0,269780.0,87.72642563551709,B
B095RTJH1M,93,2899.0,269607.0,87.76039899647802,B
B08LW31NQ6,93,2890.0,268770.0,87.79426688650116,B
B08TT63N58,122,2199.0,268278.0,87.82807277927056,B
B09NBZ36F7,67,4000.0,268000.0,87.86184364107136,B
B09WF4Q7B3,103,2599.0,267697.0,87.89557632163663,B
B09NTHQRW3,107,2499.0,267393.0,87.92927069495568,B
B08MVSGXMY,116,2300.0,266800.0,87.96289034394245,B
B07G3YNLJB,86,3100.0,266600.0,87.99648479079355,B
B09PL79D2X,89,2990.0,266110.0,88.03001749241224,B
B09GYBZPHF,106,2499.0,264894.0,88.06339696504607,B
B084PJSSQ1,88,3000.0,264000.0,88.09666378413343,B
B08Y1SJVV5,396,666.66,263997.36,88.12993027055259,B
B08Y1SJVV5,396,666.66,263997.36,88.16319675697177,B
B0759QMF85,110,2399.0,263890.0,88.19644971488451,B
B08L12N5H1,105,2499.0,262395.0,88.22951428683311,B
B01GZSQJPA,61,4295.0,261995.0,88.26252845451035,B
B08QW937WV,87,2999.0,260913.0,88.2954062786336,B
B08ZHYNTM1,65,4005.0,260325.0,88.328210008478,B
B00HVXS7WC,81,3210.0,260010.0,88.3609740449587,B
B084MZXJNK,130,1999.0,259870.0,88.39372043994443,B
B07D2NMTTV,74,3500.0,259000.0,88.42635720563999,B
B0BDYW3RN3,74,3500.0,259000.0,88.45899397133554,B
B0819ZZK5K,92,2800.0,257600.0,88.4914543220814,B
B07J9KXQCC,112,2299.0,257488.0,88.52390055963126,B
B00A0VCJPI,103,2499.0,257397.0,88.55633533020941,B
B0B23LW7NV,88,2899.0,255112.0,88.5884821663875,B
B09P8M18QM,85,2999.0,254915.0,88.62060417846195,B
B07KSMBL2H,364,700.0,254800.0,88.65271169930838,B
B07KSMBL2H,364,700.0,254800.0,88.68481922015482,B
B074CWD7MS,101,2495.0,251995.0,88.71657328104845,B
B0BNQMF152,114,2199.0,250686.0,88.74816239396412,B
B0BBVKRP7B,125,1999.0,249875.0,88.77964931221963,B
B09YLFHFDW,89,2790.0,248310.0,88.8109390237635,B
B07X963JNS,99,2499.0,247401.0,88.84211419160074,B
B0B2DD66GS,85,2900.0,246500.0,88.87317582381678,B
B09F6KL23R,88,2799.0,246312.0,88.9042137660253,B
B0BNLFQDG2,112,2199.0,246288.0,88.93524868397752,B
B08XNL93PL,82,2999.0,245918.0,88.96623697797875,B
B0187F2IOK,111,2199.0,244089.0,88.99699479844926,B
B08JW1GVS7,61,3999.0,243939.0,89.02773371731803,B
B0B3TBY2YX,106,2299.0,243694.0,89.05844176357058,B
B08H21B6V7,81,2999.0,242919.0,89.08905215154742,B
B0BGPN4GGH,101,2400.0,242400.0,89.11959713998218,B
B08KHM9VBJ,74,3250.0,240500.0,89.14990270812805,B
B0798PJPCL,89,2699.0,240211.0,89.18017185918788,B
B08FGNPQ9X,80,2999.0,239920.0,89.2104043411403,B
B08CNLYKW5,70,3398.0,237860.0,89.2403772410953,B
B07YNHCW6N,95,2499.0,237405.0,89.27029280619165,B
B01LYU3BZF,74,3190.0,236060.0,89.30003888692559,B
B09163Q5CD,122,1929.0,235338.0,89.32969398794977,B
B09R83SFYV,94,2499.0,234906.0,89.35929465236089,B
B09H34V36W,94,2495.0,234530.0,89.38884793675695,B
B09MKG4ZCM,78,2999.0,233922.0,89.41832460666056,B
B0BDZWMGZ1,78,2990.0,233220.0,89.44771281706797,B
B0BCKWZ884,77,2999.0,230923.0,89.47681158094717,B
B01M0505SJ,92,2485.0,228620.0,89.50562014223411,B
B076B8G5D8,114,1995.0,227430.0,89.5342787508138,B
B08461VC1Z,114,1995.0,227430.0,89.56293735939349,B
B08FY4FG5X,91,2499.0,227409.0,89.59159332174895,B
B07JJFSG2B,90,2500.0,225000.0,89.61994572438022,B
B08KDBLMQP,90,2500.0,225000.0,89.64829812701149,B
B07X2L5Z8C,98,2295.0,224910.0,89.6766391886817,B
B07H5PBN54,85,2600.0,221000.0,89.70448754859954,B
B09SZ5TWHW,76,2890.0,219640.0,89.7321645339948,B
B00KIDSU8S,93,2360.0,219480.0,89.75982135768152,B
B07F366Z51,92,2385.0,219420.0,89.78747062072753,B
B0BDG6QDYD,110,1990.0,218900.0,89.8150543582208,B
B07MSLTW8Z,109,1999.0,217891.0,89.84251095093961,B
B09JS94MBV,133,1630.0,216790.0,89.86982880590155,B
B08SCCG9D4,108,2000.0,216000.0,89.89704711242757,B
B098R25TGC,72,2999.0,215928.0,89.92425634618475,B
B09JKNF147,108,1999.0,215892.0,89.9514610435575,B
B0B5GJRTHB,108,1999.0,215892.0,89.97866574093027,B
B0B1NX6JTN,83,2599.0,215717.0,90.00584838643431,B
B0836JGZ74,86,2499.0,214914.0,90.03292984536364,B
B0BPJBTB3F,86,2495.0,214570.0,90.0599679566196,B
B095PWLLY6,90,2380.0,214200.0,90.08695944392458,B
B07DC4RZPY,107,1999.0,213893.0,90.1139122459513,B
B07JH1CBGW,107,1999.0,213893.0,90.14086504797801,B
B0B8SRZ5SV,107,1999.0,213893.0,90.16781785000472,B
B07Y5FDPKV,89,2400.0,213600.0,90.19473373090268,B
B08TGG316Z,89,2399.0,213511.0,90.22163839685027,B
B07P681N66,97,2199.0,213303.0,90.24851685257674,B
B085LPT5F4,76,2800.0,212800.0,90.27533192493202,B
B09FPP3R1D,85,2495.0,212075.0,90.30205563954547,B
B0BR4F878Q,106,1999.0,211894.0,90.32875654622615,B
B082FTPRSK,106,1999.0,211894.0,90.35545745290682,B
B008LN8KDM,101,2095.0,211595.0,90.38212068239466,B
B086GVRP63,88,2400.0,211200.0,90.40873413766455,B
B07SPVMSC6,79,2660.0,210140.0,90.43521402161538,B
B07RD611Z8,84,2499.0,209916.0,90.46166567917425,B
B07V82W5CN,95,2198.0,208810.0,90.48797796892285,B
B07CVR2L5K,77,2695.0,207515.0,90.51412707484299,B
B07B5XJ572,65,3190.0,207350.0,90.54025538900119,B
B07966M8XH,69,2999.0,206931.0,90.56633090468515,B
B083T5G5PM,103,1990.0,204970.0,90.59215931342885,B
B097RN7BBK,102,1999.0,203898.0,90.61785263872534,B
B0BP7XLX48,102,1999.0,203898.0,90.64354596402184,B
B07KKJPTWB,102,1999.0,203898.0,90.66923928931834,B
B0B5KZ3C53,70,2900.0,203000.0,90.69481945702566,B
B08MC57J31,81,2499.0,202419.0,90.72032641252886,B
B08YD264ZS,81,2499.0,202419.0,90.74583336803207,B
B01M5B0TPW,81,2490.0,201690.0,90.77124846175073,B
B09CGLY5CX,84,2400.0,201600.0,90.79665221450836,B
B0856HNMR7,80,2499.0,199920.0,90.82184426932633,B
B086394NY5,80,2490.0,199200.0,90.84694559645588,B
B071VNHMX2,95,2095.0,199025.0,90.87202487171673,B
B08S74GTBT,99,1999.0,197901.0,90.89696251097509,B
B09LH32678,99,1999.0,197901.0,90.92190015023345,B
B07M69276N,79,2499.0,197421.0,90.94677730436621,B
B09T3H12GV,79,2498.0,197342.0,90.97164450365537,B
B07JZSG42Y,76,2590.0,196840.0,90.996448445584,B
B08FYB5HHK,98,1999.0,195902.0,91.02113418949631,B
B07W6VWZ8C,98,1999.0,195902.0,91.04581993340862,B
B01MQ2A86A,119,1645.0,195755.0,91.07048715375123,B
B081B1JL35,78,2499.0,194922.0,91.09504940719876,B
B07VX71FZP,97,2000.0,194000.0,91.11949547880083,B
B00NFD0ETQ,67,2895.0,193965.0,91.14393714002917,B
B09P858DK8,97,1999.0,193903.0,91.16837098859544,B
B075TJHWVC,84,2299.0,193116.0,91.19270566675785,B
B08D77XZX5,77,2499.0,192423.0,91.21695301952015,B
B09YDFDVNS,113,1699.0,191987.0,91.24114543162668,B
B07XJWTYM2,96,1999.0,191904.0,91.26532738484691,B
B07GLS2563,101,1899.0,191799.0,91.28949610694592,B
B0BNDGL26T,87,2199.0,191313.0,91.31360358785524,B
B08HVJCW95,87,2199.0,191313.0,91.33771106876456,B
B08WRWPM22,382,499.0,190618.0,91.36173097225242,B
B08WRWPM22,382,499.0,190618.0,91.38575087574027,B
B00CEQEGPI,83,2295.0,190485.0,91.4097540198079,B
B07KRCW6LZ,119,1599.0,190281.0,91.43373145769716,B
B07DWFX9YS,95,1999.0,189905.0,91.45766151557135,B
B015GX9Y0W,78,2400.0,187200.0,91.48125071456057,B
B082T6V3DT,89,2100.0,186900.0,91.50480211034628,B
B078W65FJ7,75,2490.0,186750.0,91.52833460453024,B
B07YZG8PPY,81,2299.0,186219.0,91.551800187044,B
B08ZXZ362Z,60,3098.0,185880.0,91.57522305193777,B
B08498D67S,103,1800.0,185400.0,91.59858543170594,B
B008QS9J6Y,71,2595.0,184245.0,91.6218022691406,B
B09JFR8H3Q,122,1499.0,182878.0,91.64484684997795,B
B005LJQMZC,91,1999.0,181909.0,91.66776932646796,B
B07S9S86BF,122,1490.0,181780.0,91.69067554758045,B
B0762HXMTF,93,1950.0,181350.0,91.71352758410127,B
B082T6GXS5,86,2100.0,180600.0,91.7362851126133,B
B08L5FM4JC,75,2400.0,180000.0,91.75896703471832,B
B0B61DSF17,90,1999.0,179910.0,91.7816376158623,B
B084N133Y7,90,1999.0,179910.0,91.80430819700626,B
B0B2DD8BQ8,58,3099.0,179742.0,91.82695760835627,B
B09MY4W73Q,99,1799.0,178101.0,91.84940023618307,B
B07YTNKVJQ,137,1299.0,177963.0,91.87182547453627,B
B0BJYSCWFQ,89,1999.0,177911.0,91.8942441603342,B
B01N4EV2TL,89,1995.0,177555.0,91.91661798633062,B
B07TR5HSR9,118,1499.0,176882.0,91.93890700714051,B
B09LV1CMGH,88,2000.0,176000.0,91.96108488653208,B
B094YFFSMY,88,1999.0,175912.0,91.98325167698397,B
B09C6HWG18,88,1999.0,175912.0,92.00541846743585,B
B09KPXTZXN,88,1999.0,175912.0,92.02758525788772,B
B09KNMLH4Y,88,1999.0,175912.0,92.0497520483396,B
B0B9RZ4G4W,103,1699.0,174997.0,92.07180353902078,B
B07QHHCB27,83,2100.0,174300.0,92.09376720025914,B
B0949FPSFY,87,1999.0,173913.0,92.11568209536497,B
B07N2MGB3G,87,1999.0,173913.0,92.13759699047081,B
B08FTFXNNB,87,1999.0,173913.0,92.15951188557663,B
B08HVL8QN3,79,2199.0,173721.0,92.18140258663223,B
B00V4BGDKU,91,1899.0,172809.0,92.20317836594916,B
B008QTK47Q,99,1745.0,172755.0,92.22494734068945,B
B0BM4KTNL1,108,1599.0,172692.0,92.246708376757,B
B09TY4MSH3,69,2499.0,172431.0,92.26843652403751,B
B009P2LK80,105,1639.0,172095.0,92.29012233173007,B
B09J4YQYX3,75,2290.0,171750.0,92.31176466573862,B
B09CMM3VGK,344,499.0,171656.0,92.3333951547434,B
B09CMM3VGK,344,499.0,171656.0,92.35502564374816,B
B086JTMRYL,90,1899.0,170910.0,92.37656212878689,B
B09ZTZ9N3Q,100,1699.0,169900.0,92.39797134304045,B
B07GLSKXS1,87,1950.0,169650.0,92.41934905462443,B
B07SYYVP69,87,1950.0,169650.0,92.44072676620841,B
B09VC2D2WG,113,1499.0,169387.0,92.46207133698398,B
B09GBBJV72,77,2199.0,169323.0,92.48340784307615,B
B07SRM58TP,80,2099.0,167920.0,92.50456755618656,B
B08LHTJTBB,84,1999.0,167916.0,92.52572676525426,B
B07XLCFSSN,88,1900.0,167200.0,92.54679575067625,B
B09SPTNG58,71,2349.0,166779.0,92.56781168560266,B
B091V8HK8Z,95,1750.0,166250.0,92.58876096088022,B
B08WKCTFF3,83,1999.0,165917.0,92.60966827460187,B
B09TT6BFDX,83,1999.0,165917.0,92.63057558832354,B
B0BBMGLQDW,83,1999.0,165917.0,92.65148290204519,B
B09F6D21BY,83,1999.0,165917.0,92.67239021576685,B
B00O2R38C4,111,1490.0,165390.0,92.69323112186102,B
B09GFWJDY1,110,1499.0,164890.0,92.714009022616,B
B07YR26BJ3,82,2000.0,164000.0,92.73467477386724,B
B09MQ9PDHR,82,1999.0,163918.0,92.75533019224285,B
B0B8SSC5D9,82,1999.0,163918.0,92.77598561061846,B
B08D75R3Z1,86,1900.0,163400.0,92.79657575546268,B
B09SJ1FTYV,86,1899.0,163314.0,92.81715506338857,B
B07ZJND9B9,82,1990.0,163180.0,92.83771748588356,B
B09YDFKJF8,96,1699.0,163104.0,92.85827033156698,B
B09FFK1PQG,96,1699.0,163104.0,92.87882317725041,B
B0BPBXNQQT,82,1989.0,163098.0,92.89937526686977,B
B07BRKK9JQ,102,1599.0,163098.0,92.91992735648913,B
B09JS562TP,100,1630.0,163000.0,92.94046709706201,B
B08HV83HL3,74,2199.0,162726.0,92.96097231070901,B
B09B9SPC7F,125,1299.0,162375.0,92.98143329460791,B
B07WNK1FFN,95,1699.0,161405.0,93.00177204814881,B
B07S9M8YTY,116,1390.0,161240.0,93.02209000992778,B
B00YQLG7GK,95,1695.0,161025.0,93.04238087941089,B
B00H47GVGY,95,1695.0,161025.0,93.062671748894,B
B07GWTWFS2,81,1975.0,159975.0,93.08283030716484,B
B098TV3L96,80,1999.0,159920.0,93.10298193484837,B
B09NL7LBWT,80,1999.0,159920.0,93.12313356253189,B
B08LT9BMPP,80,1995.0,159600.0,93.14324486679834,B
B0085IATT6,88,1800.0,158400.0,93.16320495825076,B
B01EZ0X3L8,96,1650.0,158400.0,93.18316504970318,B
B00O24PUO6,96,1650.0,158400.0,93.2031251411556,B
B09LQH3SD9,79,2000.0,158000.0,93.22303482833667,B
B07P434WJY,79,1999.0,157921.0,93.24293456067414,B
B09W5XR9RT,79,1999.0,157921.0,93.26283429301164,B
B08XLR6DSB,105,1499.0,157395.0,93.28266774373229,B
B08CTQP51L,105,1499.0,157395.0,93.30250119445296,B
B00LUGTJGO,101,1549.0,156449.0,93.3222154390719,B
B07KSB1MLX,97,1600.0,155200.0,93.34177229635355,B
B07QDSN9V6,97,1595.0,154715.0,93.36126803845622,B
B0989W6J2F,86,1799.0,154714.0,93.38076365454819,B
B08JMC1988,62,2490.0,154380.0,93.4002171830736,B
B013B2WGT6,81,1899.0,153819.0,93.41960001960844,B
B08VFF6JQ8,90,1699.0,152910.0,93.43886831243665,B
B0BHYJ8CVF,102,1499.0,152898.0,93.45813509313673,B
B0B84KSH3X,78,1950.0,152100.0,93.47730131731547,B
B075K76YW1,109,1395.0,152055.0,93.49646187101368,B
B082T6GVLJ,84,1809.0,151956.0,93.51560994965475,B
B09DDCQFMT,76,1999.0,151924.0,93.53475399595409,B
B09P564ZTJ,95,1599.0,151905.0,93.55389564805056,B
B0073QGKAS,101,1499.0,151399.0,93.57297353874377,B
B08PFSZ7FH,101,1499.0,151399.0,93.59205142943698,B
B0BK1K598K,101,1499.0,151399.0,93.61112932013019,B
B09BW334ML,101,1499.0,151399.0,93.63020721082339,B
B01HGCLUH6,89,1699.0,151211.0,93.64926141150907,B
B08CZHGHKH,108,1399.0,151092.0,93.66830061692403,B
B0BHVPTM2C,77,1949.0,150073.0,93.68721141745773,B
B09RFB2SJQ,79,1899.0,150021.0,93.70611566543616,B
B0B2DJ5RVQ,75,1999.0,149925.0,93.72500781638946,B
B085W8CFLH,83,1800.0,149400.0,93.74383381173662,B
B095K14P86,115,1299.0,149385.0,93.76265791692362,B
B07WJXCTG9,111,1345.0,149295.0,93.78147068114956,B
B099PR2GQJ,149,999.0,148851.0,93.8002274966343,B
B08ZN4B121,93,1599.0,148707.0,93.81896616658136,B
B08K9PX15C,99,1499.0,148401.0,93.83766627726085,B
B08VS3YLRK,99,1499.0,148401.0,93.85636638794033,B
B0083T231O,99,1499.0,148401.0,93.87506649861982,B
B07989VV5K,95,1560.0,148200.0,93.89374128115294,B
B09NFSHCWN,78,1899.0,148122.0,93.91240623485317,B
B07DJLFMPS,92,1600.0,147200.0,93.93095500670793,B
B0993BB11X,92,1599.0,147108.0,93.9494921855803,B
B0BMTZ4T1D,92,1599.0,147108.0,93.96802936445266,B
B07KY3FNQP,114,1290.0,147060.0,93.98656049481247,B
B09CKSYBLR,98,1499.0,146902.0,94.00507171548509,B
B0B2CPVXHX,98,1499.0,146902.0,94.02358293615771,B
B0BLC2BYPX,113,1299.0,146787.0,94.04207966560232,B
B08TTRVWKY,77,1899.0,146223.0,94.06050532502432,B
B015OW3M1W,86,1700.0,146200.0,94.07892808620073,B
B084N1BM9L,73,1999.0,145927.0,94.09731644646196,B
B009P2L7CO,76,1920.0,145920.0,94.11570392464843,B
B07T9FV9YP,81,1799.0,145719.0,94.13406607468855,B
B01N6LU1VF,104,1400.0,145600.0,94.15241322945793,B
B09MZCQYHZ,91,1599.0,145509.0,94.1707489172556,B
B07NKNBTT3,118,1230.0,145140.0,94.18903810711295,B
B09KRHXTLN,85,1699.0,144415.0,94.20723593922848,B
B07RY2X9MP,96,1500.0,144000.0,94.2253814769125,B
B07JH1C41D,72,1999.0,143928.0,94.24351794182768,B
B012MQS060,80,1795.0,143600.0,94.26161307524035,B
B0162LYSFS,82,1749.0,143418.0,94.27968527470955,B
B09939XJX8,95,1500.0,142500.0,94.29764179637603,B
B09J2MM5C6,95,1499.0,142405.0,94.31558634702806,B
B094G9L9LT,73,1950.0,142350.0,94.33352396709277,B
B01CS4A5V4,84,1690.0,141960.0,94.35141244299294,B
B07SLMR1K6,105,1350.0,141750.0,94.36927445665063,B
B01NBX5RSB,91,1547.0,140777.0,94.38701386191829,B
B07TMCXRFV,88,1599.0,140712.0,94.40474507649185,B
B08SBH499M,108,1300.0,140400.0,94.42243697573377,B
B00935MGHS,78,1795.0,140010.0,94.44007973081112,B
B08RZ5K9YH,70,1999.0,139930.0,94.45771240503421,B
B0B2CZTCL2,70,1999.0,139930.0,94.4753450792573,B
B07QCWY5XV,100,1399.0,139900.0,94.49297397316003,B
B07F1P8KNV,127,1099.0,139573.0,94.51056166157095,B
B07JW1Y6XV,127,1099.0,139573.0,94.52814934998185,B
B0763K5HLQ,93,1499.0,139407.0,94.54571612062016,B
B099FDW2ZF,93,1499.0,139407.0,94.56328289125845,B
B07LDPLSZC,117,1190.0,139230.0,94.58082735800669,B
B096TWZRJC,73,1899.0,138627.0,94.59829584031587,B
B09W9V2PXG,69,1999.0,137931.0,94.61567661919291,B
B07Z53L5QL,92,1499.0,137908.0,94.63305449982435,B
B08GJNM9N7,115,1199.0,137885.0,94.65042948221019,B
B00NW4UWN6,102,1345.0,137190.0,94.66771688717456,B
B07BKSSDR2,72,1900.0,136800.0,94.68495514797438,B
B09Q3M3WLJ,91,1499.0,136409.0,94.70214413859895,B
B08VJFYH6N,84,1620.0,136080.0,94.71929167171035,B
B0BM9H2NY9,85,1599.0,135915.0,94.73641841305981,B
B0B8CHJLWJ,113,1199.0,135487.0,94.75349122183894,B
B088GXTJM3,104,1299.0,135096.0,94.77051476044282,B
B083P71WKK,90,1500.0,135000.0,94.7875262020216,B
B01I1LDZGA,76,1775.0,134900.0,94.80452504253252,B
B099Z83VRC,75,1790.0,134250.0,94.82144197610252,B
B08L4SBJRY,103,1299.0,133797.0,94.8383018268352,B
B07VSG5SXZ,89,1499.0,133411.0,94.85511303744606,B
B07WMS7TWB,107,1245.0,133215.0,94.87189954996396,B
B07CWNJLPC,111,1200.0,133200.0,94.88868417232166,B
B09C6HXFC1,74,1799.0,133126.0,94.90545946988918,B
B082KVTRW8,70,1900.0,133000.0,94.92221889011122,B
B0088TKTY2,95,1399.0,132905.0,94.93896633931882,B
B078WB1VWJ,83,1599.0,132717.0,94.95569009851889,B
B08VF8V79P,78,1699.0,132522.0,94.97238928563667,B
B00TDD0YM4,78,1695.0,132210.0,94.98904915742281,B
B08XMSKKMM,66,1999.0,131934.0,95.00567425026172,C
B08CHKQ8D4,88,1499.0,131912.0,95.0222965708657,C
B0814ZY6FP,109,1199.0,130691.0,95.03876503243141,C
B07XCM6T4N,87,1499.0,130413.0,95.05519846302853,C
B08C7TYHPB,87,1490.0,129630.0,95.0715332272645,C
B09G2VTHQM,100,1295.0,129500.0,95.08785161011227,C
B07VNFP3C2,104,1245.0,129480.0,95.10416747274648,C
B088WCFPQF,86,1500.0,129000.0,95.12042285025508,C
B09HV71RL1,86,1499.0,128914.0,95.13666739084533,C
B07DFYJRQV,86,1499.0,128914.0,95.1529119314356,C
B08Y7MXFMK,86,1499.0,128914.0,95.16915647202586,C
B0883LQJ6B,76,1690.0,128440.0,95.18534128355456,C
B08MCD9JFY,64,1999.0,127936.0,95.20146258570139,C
B0BN2576GQ,80,1599.0,127920.0,95.21758187167735,C
B0BMZ6SY89,80,1599.0,127920.0,95.23370115765333,C
B08TR61BVK,85,1499.0,127415.0,95.24975680823673,C
B0B3JSWG81,126,999.0,125874.0,95.26561827636476,C
B09VGS66FV,68,1850.0,125800.0,95.2814704197026,C
B098NS6PVG,358,349.0,124942.0,95.29721444587841,C
B098NS6PVG,358,349.0,124942.0,95.31295847205422,C
B00J5DYCCA,66,1890.0,124740.0,95.32867704407299,C
B07L8KNP5F,89,1399.0,124511.0,95.34436675964643,C
B09X7DY7Q4,69,1800.0,124200.0,95.36001728589889,C
B08G43CCLC,124,999.0,123876.0,95.37562698469156,C
B01C8P29N0,88,1400.0,123200.0,95.39115150026566,C
B08W9BK4MD,137,899.0,123163.0,95.40667135344468,C
B01L8ZNWN2,82,1500.0,123000.0,95.4221706668831,C
B08PPHFXG3,123,999.0,122877.0,95.4376544810081,C
B07T4D9FNY,82,1490.0,122180.0,95.45305046569027,C
B084DTMYWK,122,999.0,121878.0,95.46840839514758,C
B009DA69W6,64,1900.0,121600.0,95.4837312936363,C
B07Q4QV1DL,81,1499.0,121419.0,95.49903138419224,C
B0B25DJ352,101,1199.0,121099.0,95.51429115133111,C
B07S851WX5,93,1299.0,120807.0,95.52951412335189,C
B08B6XWQ1C,121,995.0,120395.0,95.5446851789732,C
B09VPH38JS,80,1499.0,119920.0,95.55979637952227,C
B07JGDB5M1,92,1299.0,119508.0,95.57485566367185,C
B08J4PL1Z3,80,1490.0,119200.0,95.58987613653252,C
B09Y5FZK9N,77,1545.0,118965.0,95.60486699688376,C
B01D5H8LDM,99,1200.0,118800.0,95.61983706547308,C
B0B84QN4CN,108,1100.0,118800.0,95.63480713406238,C
B08MWJTST6,91,1299.0,118209.0,95.64970273034079,C
B07VZYMQNZ,82,1440.0,118080.0,95.66458207124168,C
B09MT6XSFW,62,1899.0,117738.0,95.67941831649057,C
B0BDYVC5TD,65,1800.0,117000.0,95.69416156585883,C
B00ZYLMQH0,65,1799.0,116935.0,95.70889662453301,C
B009LJ2BXA,117,999.0,116883.0,95.7236251306519,C
B07LDN9Q2P,90,1295.0,116550.0,95.7383116752149,C
B002SZEOLG,87,1339.0,116493.0,95.75299103716924,C
B0B8SSZ76F,58,1999.0,115942.0,95.76760096723979,C
B01MQZ7J8K,80,1445.0,115600.0,95.78216780165835,C
B01LY9W8AF,90,1282.0,115380.0,95.79670691372766,C
B08X77LM8C,115,999.0,114885.0,95.8111836505112,C
B08MTLLSL8,89,1290.0,114810.0,95.82565093649384,C
B01MY839VW,105,1090.0,114450.0,95.84007285863228,C
B082T6GVG9,76,1500.0,114000.0,95.85443807596546,C
B09HCH3JZG,60,1899.0,113940.0,95.86879573265794,C
B0BFBNXS94,76,1499.0,113924.0,95.88315137317957,C
B088ZFJY82,76,1499.0,113924.0,95.89750701370119,C
B07Z1YVP72,114,999.0,113886.0,95.91185786581704,C
B0B4G2MWSB,114,999.0,113886.0,95.92620871793288,C
B0BL3R4RGS,114,999.0,113886.0,95.94055957004872,C
B07YWS9SP9,114,999.0,113886.0,95.95491042216457,C
B002PD61Y4,94,1208.0,113552.0,95.96921918671384,C
B0B4DT8MKT,75,1499.0,112425.0,95.9833859372286,C
B07LFWP97N,102,1099.0,112098.0,95.99751148225154,C
B01F262EUU,112,999.0,111888.0,96.01161056503202,C
B07GNC2592,112,999.0,111888.0,96.0257096478125,C
B06XPYRWV5,62,1795.0,111290.0,96.03973337620732,C
B014I8SX4Y,79,1400.0,110600.0,96.05367015723407,C
B09BF8JBWX,88,1249.0,109912.0,96.06752024291411,C
B06XSK3XL6,110,999.0,109890.0,96.08136755635923,C
B07JPX9CR7,84,1299.0,109116.0,96.09511733753929,C
B07NCKMXVZ,109,999.0,108891.0,96.10883876631672,C
B07222HQKP,109,999.0,108891.0,96.12256019509415,C
B07K2HVKLL,106,1020.0,108120.0,96.13618446963856,C
B0BBW521YC,108,999.0,107892.0,96.14978001374831,C
B01LONQBDG,120,899.0,107880.0,96.16337404572992,C
B07924P3C5,134,799.0,107066.0,96.17686550501935,C
B0BMXMLSMM,107,999.0,106893.0,96.19033516446142,C
B09VT6JKRP,107,999.0,106893.0,96.20380482390348,C
B0BPCJM7TB,107,999.0,106893.0,96.21727448334555,C
B07V5YF4ND,89,1199.0,106711.0,96.23072120884414,C
B078V8R9BS,96,1111.0,106656.0,96.24416100375544,C
B0974G5Q2Y,106,999.0,105894.0,96.25750477852982,C
B01NCVJMKX,105,999.0,104895.0,96.27072266863652,C
B084BR3QX8,105,999.0,104895.0,96.28394055874323,C
B09TP5KBN7,95,1099.0,104405.0,96.29709670361753,C
B09V2PZDX8,65,1599.0,103935.0,96.310193623473,C
B091JF2TFD,80,1299.0,103920.0,96.3232886531683,C
B0BBMPH39N,104,999.0,103896.0,96.33638065860731,C
B08L7J3T31,113,919.0,103847.0,96.3494664895231,C
B07WGPBXY9,83,1249.0,103667.0,96.36252963851676,C
B084MZXJN6,61,1699.0,103639.0,96.37558925921145,C
B07NRTCDS5,69,1499.0,103431.0,96.38862266968502,C
B08CHZ3ZQ7,129,799.0,103071.0,96.4016107163144,C
B08235JZFB,103,1000.0,103000.0,96.4145898161856,C
B09M869Z5V,103,999.0,102897.0,96.42755593695694,C
B0BN6M3TCM,103,999.0,102897.0,96.44052205772827,C
B07J2NGB69,74,1390.0,102860.0,96.4534835161045,C
B08WLY8V9S,114,899.0,102486.0,96.46639784648703,C
B095XCRDQW,64,1599.0,102336.0,96.4792932752678,C
B01M72LILF,79,1295.0,102305.0,96.49218479771756,C
B0814LP6S9,93,1099.0,102207.0,96.50506397112082,C
B01EY310UM,66,1545.0,101970.0,96.51791327999331,C
B07Z3K96FR,68,1499.0,101932.0,96.53075780046002,C
B083RCTXLL,85,1199.0,101915.0,96.54360017874521,C
B07TCN5VR9,102,999.0,101898.0,96.55644041484886,C
B08SKZ2RMG,102,999.0,101898.0,96.5692806509525,C
B0B21C4BMX,113,899.0,101587.0,96.58208169773519,C
B08H9Z3XQW,68,1490.0,101320.0,96.59484909966675,C
B08RX8G496,92,1099.0,101108.0,96.60758978733449,C
B098LCVYPW,101,999.0,100899.0,96.62030413877046,C
B09XX51X2G,101,999.0,100899.0,96.63301849020644,C
B08XXVXP3J,101,999.0,100899.0,96.6457328416424,C
B08CGW4GYR,101,999.0,100899.0,96.65844719307837,C
B09MTLG4TP,101,999.0,100899.0,96.67116154451433,C
B07JPJJZ2H,77,1299.0,100023.0,96.68376551059606,C
B008YW3CYM,84,1190.0,99960.0,96.69636153800505,C
B0B8ZKWGKD,95,1052.0,99940.0,96.70895504520047,C
B081FJWN52,100,999.0,99900.0,96.72154351196876,C
B0B61GCHC1,100,999.0,99900.0,96.73413197873704,C
B092JHPL72,100,999.0,99900.0,96.74672044550533,C
B09V2Q4QVQ,62,1599.0,99138.0,96.7592128921367,C
B083GQGT3Z,124,799.0,99076.0,96.77169752610602,C
B09474JWN6,66,1500.0,99000.0,96.78417258326378,C
B09ZHCJDP1,99,1000.0,99000.0,96.79664764042154,C
B01M5967SY,99,999.0,98901.0,96.80911022252215,C
B07XJYYH7L,99,999.0,98901.0,96.82157280462275,C
B07GVGTSLN,76,1299.0,98724.0,96.83401308283328,C
B08Y5KXR6Z,123,800.0,98400.0,96.84641253358403,C
B00B3VFJY2,100,980.0,98000.0,96.85876158006343,C
B0BDS8MY8J,98,999.0,97902.0,96.87109827749634,C
B08PSQRW2T,89,1099.0,97811.0,96.88342350795753,C
B075DB1F13,65,1500.0,97500.0,96.89570954909776,C
B01DF26V7A,75,1299.0,97425.0,96.9079861394371,C
B0BMM7R92G,97,999.0,96903.0,96.92019695220233,C
B09MZ6WZ6V,97,999.0,96903.0,96.93240776496756,C
B07GQD4K6L,97,999.0,96903.0,96.94461857773281,C
B07QMRHWJD,97,999.0,96903.0,96.95682939049804,C
B081FG1QYX,96,999.0,95904.0,96.9689143185956,C
B0B298D54H,96,999.0,95904.0,96.98099924669316,C
B08CTNJ985,96,999.0,95904.0,96.99308417479071,C
B07YSJ7FF1,87,1100.0,95700.0,97.00514339670987,C
B09JSW16QD,64,1490.0,95360.0,97.0171597749984,C
B09RQRZW2X,106,899.0,95294.0,97.02916783658216,C
B0B61HYR92,95,999.0,94905.0,97.04112688001203,C
B08RP2L2NL,95,999.0,94905.0,97.0530859234419,C
B0BCVJ3PVP,73,1299.0,94827.0,97.06503513803885,C
B088ZTJT2R,73,1295.0,94535.0,97.07694755751774,C
B09GFN8WZL,94,999.0,93906.0,97.08878071627993,C
B09ZVJXN5L,94,999.0,93906.0,97.10061387504211,C
B07JNVF678,94,999.0,93906.0,97.1124470338043,C
B0085W2MUQ,96,970.0,93120.0,97.12418114817329,C
B0B94JPY2N,93,999.0,92907.0,97.13588842226781,C
B09C635BMM,93,999.0,92907.0,97.14759569636232,C
B07KNM95JK,80,1150.0,92000.0,97.15918867877154,C
B096YCN3SD,92,1000.0,92000.0,97.17078166118077,C
B09L8DSSFH,92,999.0,91908.0,97.18236305060759,C
B0814P4L98,92,999.0,91908.0,97.19394444003441,C
B098K3H92Z,102,899.0,91698.0,97.20549936721879,C
B009P2LK08,81,1129.0,91449.0,97.21702291774425,C
B0B4HKH19N,98,931.0,91238.0,97.22851988001656,C
B08WKG2MWT,83,1099.0,91217.0,97.24001419606464,C
B0B9JZW1SQ,76,1200.0,91200.0,97.25150636993118,C
B09XB1R2F3,114,799.0,91086.0,97.2629841785804,C
B09QGZFBPM,91,999.0,90909.0,97.27443968333954,C
B09XBJ1CTN,91,999.0,90909.0,97.28589518809868,C
B08V9C4B1J,91,999.0,90909.0,97.29735069285782,C
B08NW8GHCJ,91,999.0,90909.0,97.30880619761696,C
B01KK0HU3Y,60,1499.0,89940.0,97.32013959802876,C
B08D6RCM3Q,100,899.0,89900.0,97.33146795801343,C
B01N6IJG0F,89,1010.0,89890.0,97.34279505789132,C
B00E3DVQFS,81,1109.0,89829.0,97.35411447111784,C
B07GMFY9QM,89,999.0,88911.0,97.3653182065416,C
B084MZYBTV,104,849.0,88296.0,97.37644444539819,C
B0971DWFDT,126,699.0,88074.0,97.38754270988417,C
B07CWDX49D,55,1600.0,88000.0,97.39863164957997,C
B0162K34H2,88,999.0,87912.0,97.40970950033605,C
B09QGZM8QB,88,999.0,87912.0,97.42078735109214,C
B07Z1Z77ZZ,88,999.0,87912.0,97.43186520184824,C
B08LPJZSSW,88,995.0,87560.0,97.44289869684555,C
B00HZIOGXW,106,825.0,87450.0,97.45391833066823,C
B01MF8MB65,87,999.0,86913.0,97.46487029675664,C
B00LP9RFSU,105,825.0,86625.0,97.47578597176968,C
B07QZ3CZ48,67,1290.0,86430.0,97.48667707470045,C
B09GB5B4BK,96,899.0,86304.0,97.49755230028573,C
B00A7PLVU6,96,899.0,86304.0,97.50842752587101,C
B09LV13JFB,86,999.0,85914.0,97.51925360729174,C
B071Z8M4KX,86,999.0,85914.0,97.53007968871248,C
B0B8CB7MHW,86,999.0,85914.0,97.5409057701332,C
B087FXHB6J,86,999.0,85914.0,97.55173185155392,C
B01LYLJ99X,66,1300.0,85800.0,97.56254356775732,C
B08QSC1XY8,78,1099.0,85722.0,97.5733454551278,C
B0846D5CBP,66,1295.0,85470.0,97.58411558780733,C
B0B2PQL5N3,85,999.0,84915.0,97.59481578456037,C
B077Z65HSD,85,999.0,84915.0,97.60551598131342,C
B009UORDX4,87,975.0,84825.0,97.6162048371054,C
B08NCKT9FG,106,798.0,84588.0,97.62686382836662,C
B08JV91JTK,65,1299.0,84435.0,97.63750353999406,C
B09ZK6THRR,84,1000.0,84000.0,97.6480884369764,C
B008IFXQFU,84,999.0,83916.0,97.65866274906176,C
B0994GP1CX,84,999.0,83916.0,97.66923706114711,C
B01J8S6X2I,76,1100.0,83600.0,97.67977155385812,C
B08WKFSN84,76,1099.0,83524.0,97.69029646975756,C
B07LGT55SJ,76,1099.0,83524.0,97.700821385657,C
B07H3WDC4X,83,999.0,82917.0,97.71126981307468,C
B08RDWBYCQ,83,999.0,82917.0,97.72171824049235,C
B09GP6FBZT,83,999.0,82917.0,97.73216666791004,C
B07Z1X6VFC,83,999.0,82917.0,97.74261509532771,C
B099SD8PRP,76,1090.0,82840.0,97.75305381992315,C
B0123P3PWE,77,1075.0,82775.0,97.7634843538245,C
B00SMJPA9C,88,940.0,82720.0,97.77390795713855,C
B08QSDKFGQ,75,1099.0,82425.0,97.78429438730247,C
B084N18QZY,97,849.0,82353.0,97.79467174469755,C
B09B125CFJ,103,799.0,82297.0,97.80504204549464,C
B08WJ86PV2,83,990.0,82170.0,97.81539634293559,C
B0841KQR1Z,82,999.0,81918.0,97.82571888568557,C
B0981XSZJ7,82,999.0,81918.0,97.83604142843556,C
B0B4HJNPV4,82,999.0,81918.0,97.84636397118557,C
B00OFM6PEO,102,799.0,81498.0,97.85663358945065,C
B098JYT4SY,68,1190.0,80920.0,97.86683037354364,C
B07YL54NVJ,81,999.0,80919.0,97.87702703162594,C
B0B8ZM9RVV,81,999.0,80919.0,97.88722368970826,C
B08LKS3LSP,81,999.0,80919.0,97.89742034779057,C
B0B2DZ5S6R,62,1299.0,80538.0,97.90756899580443,C
B08H5L8V1L,73,1099.0,80227.0,97.9176784544973,C
B0883KDSXC,81,990.0,80190.0,97.9277832507951,C
B07RX14W1Q,89,900.0,80100.0,97.93787670613183,C
B0BQRJ3C47,80,999.0,79920.0,97.94794747954646,C
B08G1RW2Q3,100,799.0,79900.0,97.95801573274753,C
B09CMQRQM6,88,899.0,79112.0,97.96798468953403,C
B09F3PDDRF,79,999.0,78921.0,97.97792957828098,C
B06XFTHCNY,104,758.0,78832.0,97.98786325207756,C
B09XJ1LM7R,98,799.0,78302.0,97.9977301402146,C
B09G5TSGXV,98,799.0,78302.0,98.00759702835164,C
B01M4GGIVU,112,699.0,78288.0,98.01746215233918,C
B0BPBG712X,65,1199.0,77935.0,98.02728279455725,C
B08YK7BBD2,78,999.0,77922.0,98.03710179863653,C
B07GPXXNNG,78,999.0,77922.0,98.04692080271579,C
B0758F7KK7,78,999.0,77922.0,98.05673980679505,C
B07PFJ5VQD,130,595.0,77350.0,98.0664867327663,C
B08K4PSZ3V,77,999.0,76923.0,98.07617985217787,C
B095244Q22,77,999.0,76923.0,98.08587297158945,C
B0746JGVDS,77,999.0,76923.0,98.09556609100103,C
B07KR5P3YD,110,699.0,76890.0,98.10525505206022,C
B07B275VN9,96,799.0,76704.0,98.11492057513324,C
B08L5HMJVW,109,700.0,76300.0,98.1245351898922,C
B093ZNQZ2Y,95,799.0,75905.0,98.13410003043322,C
B0B5F3YZY4,69,1099.0,75831.0,98.14365554618402,C
B08PSVBB2X,69,1099.0,75831.0,98.15321106193483,C
B0B86CDHL1,84,899.0,75516.0,98.16272688432196,C
B08LVVTGZK,58,1300.0,75400.0,98.1722280894704,C
B09RWZRCP1,75,999.0,74925.0,98.18166943954661,C
B07JQKQ91F,75,999.0,74925.0,98.19111078962283,C
B09NNZ1GF7,75,999.0,74925.0,98.20055213969903,C
B09C6H53KH,107,699.0,74793.0,98.2099768563657,C
B08RWCZ6SY,83,899.0,74617.0,98.21937939515298,C
B0141EZMAI,93,800.0,74400.0,98.22875458962307,C
B015ZXUDD0,124,599.0,74276.0,98.23811415876902,C
B0BHNHMR3H,57,1299.0,74043.0,98.24744436742692,C
B09RX1FK54,74,999.0,73926.0,98.25675983283544,C
B08CYPB15D,97,761.0,73817.0,98.26606156308004,C
B005FYNT3G,113,650.0,73450.0,98.27531704740566,C
B091KNVNS9,105,699.0,73395.0,98.284565601144,C
B01MUAUOCX,98,747.0,73206.0,98.2937903388641,C
B07SY4C3TD,101,723.0,73023.0,98.30299201663007,C
B09BW2GP18,73,1000.0,73000.0,98.31219079615045,C
B07YNTJ8ZM,73,999.0,72927.0,98.3213803768913,C
B08K4RDQ71,73,999.0,72927.0,98.33056995763214,C
B00NH13Q8W,91,800.0,72800.0,98.33974353501684,C
B098T9CJVQ,104,699.0,72696.0,98.34890400729098,C
B08CYNJ5KY,84,861.0,72324.0,98.35801760359278,C
B07DL1KC3H,80,899.0,71920.0,98.36708029158052,C
B0974H97TJ,90,799.0,71910.0,98.37614171946147,C
B07L3NDN24,90,799.0,71910.0,98.38520314734244,C
B07JF9B592,102,699.0,71298.0,98.39418745668823,C
B07N8RQ6W7,102,699.0,71298.0,98.40317176603402,C
B0B4T6MR8N,89,800.0,71200.0,98.41214372633334,C
B09127FZCK,79,899.0,71021.0,98.42109313072123,C
B00J4YG0PC,98,720.0,70560.0,98.4299844441864,C
B09JN37WBX,94,749.0,70406.0,98.43885635200711,C
B01D5H90L4,100,700.0,70000.0,98.4476770994924,C
B08W56G1K9,70,999.0,69930.0,98.45648902623019,C
B071SDRGWL,100,699.0,69900.0,98.46529717264764,C
B00NH11PEY,93,750.0,69750.0,98.47408641746334,C
B00B7GKXMG,82,850.0,69700.0,98.48286936174512,C
B08K36NZSV,69,999.0,68931.0,98.49155540381523,C
B0994GFWBH,69,999.0,68931.0,98.50024144588535,C
B09NHVCHS9,346,199.0,68854.0,98.50891778513324,C
B09NHVCHS9,346,199.0,68854.0,98.51759412438112,C
B01GGKZ4NU,69,995.0,68655.0,98.526245387504,C
B0BG62HMDJ,88,775.0,68200.0,98.53483931576824,C
B08BCKN299,68,999.0,67932.0,98.54339947317067,C
B00F159RIK,108,625.0,67500.0,98.55190519396005,C
B07RZZ1QSW,84,799.0,67116.0,98.56036252664894,C
B07FXLC2G2,96,699.0,67104.0,98.5688183472097,C
B0B5YBGCKD,112,599.0,67088.0,98.5772721515996,C
B09Q8HMKZX,95,699.0,66405.0,98.58563989069617,C
B0B4T8RSJ1,83,800.0,66400.0,98.59400699973936,C
B017PDR9N0,133,499.0,66367.0,98.60236995043016,C
B07PFJ5W31,133,495.0,65835.0,98.61066586344006,C
B097ZQTDVZ,73,899.0,65627.0,98.61893556622888,C
B089WB69Y1,101,649.0,65549.0,98.62719544018478,C
B08497Z1MQ,93,700.0,65100.0,98.6353987353461,C
B01J0XWYKQ,72,895.0,64440.0,98.64351886345969,C
B01C8P29T4,82,785.0,64370.0,98.6516301708258,C
B01J1CFO5I,117,550.0,64350.0,98.65973895797835,C
B08HQL67D6,107,599.0,64093.0,98.66781536038656,C
B00ABMASXG,89,720.0,64080.0,98.67589012465594,C
B00UGZWM2I,80,800.0,64000.0,98.68395480807106,C
B08CT62BM1,64,999.0,63936.0,98.69201142680276,C
B09HS1NDRQ,80,799.0,63920.0,98.70006602936361,C
B0B4KPCBSH,127,499.0,63373.0,98.7080517040834,C
B08MV82R99,62,1020.0,63240.0,98.71602061938296,C
B08GYG6T12,78,800.0,62400.0,98.72388368571269,C
B076VQS87V,78,799.0,62322.0,98.73173692320952,C
B07ZR4S1G4,89,699.0,62211.0,98.73957617352106,C
B00GGGOYEK,89,699.0,62211.0,98.74741542383259,C
B008YW8M0G,71,875.0,62125.0,98.75524383722578,C
B07WKBD37W,62,999.0,61938.0,98.76304868662211,C
B081RLM75M,103,599.0,61697.0,98.77082316744497,C
B0B65P827P,112,549.0,61488.0,98.77857131203604,C
B09C6FML9B,102,599.0,61098.0,98.78627031246255,C
B00H3H03Q4,54,1130.0,61020.0,98.79395948405616,C
B00GE55L22,87,699.0,60813.0,98.80162257143934,C
B083RC4WFJ,76,799.0,60724.0,98.80927444387214,C
B0B59K1C8F,76,799.0,60724.0,98.81692631630496,C
B01D5H8ZI8,102,595.0,60690.0,98.82457390437469,C
B09Z7YGV3R,86,699.0,60114.0,98.8321489102937,C
B008FWZGSG,100,599.0,59900.0,98.83969694992754,C
B0BNDRK886,100,599.0,59900.0,98.84724498956137,C
B01HJI0FS2,91,650.0,59150.0,98.85469852118644,C
B097JQ1J5G,118,499.0,58882.0,98.8621182819497,C
B07F1T31ZZ,147,400.0,58800.0,98.86952770983734,C
B081NHWT6Z,49,1199.0,58751.0,98.87693096320174,C
B0B9LDCX89,58,999.0,57942.0,98.88423227392735,C
B0BMFD94VD,116,499.0,57884.0,98.89152627603362,C
B075ZTJ9XR,89,650.0,57850.0,98.89881599377681,C
B09M8888DM,72,799.0,57528.0,98.90606513608157,C
B0B72BSW7K,82,699.0,57318.0,98.91328781614388,C
B08JKPVDKL,82,699.0,57318.0,98.92051049620619,C
B012ELCYUG,90,635.0,57150.0,98.92771200647454,C
B085HY1DGR,57,999.0,56943.0,98.93488743253245,C
B085CZ3SR1,95,599.0,56905.0,98.9420580701846,C
B07CD2BN46,95,599.0,56905.0,98.94922870783675,C
B0746N6WML,126,450.0,56700.0,98.95637351329982,C
B08KS2KQTK,113,499.0,56387.0,98.96347887742058,C
B08CKW1KH9,94,599.0,56306.0,98.97057403467639,C
B08N1WL9XW,94,599.0,56306.0,98.9776691919322,C
B08TZD7FQN,94,599.0,56306.0,98.984764349188,C
B01DGVKBC6,112,499.0,55888.0,98.99180683398025,C
B078XFKBZL,87,640.0,55680.0,98.9988231085514,C
B09PTT8DZF,83,670.0,55610.0,99.00583056237507,C
B08HDH26JX,79,699.0,55221.0,99.01278899804485,C
B009VCGPSY,85,649.0,55165.0,99.01974037711666,C
B07CRL2GY6,69,799.0,55131.0,99.02668747182538,C
B08RHPDNVV,92,599.0,55108.0,99.03363166828852,C
B00RFWNJMC,110,499.0,54890.0,99.04054839442377,C
B006LW0WDQ,69,795.0,54855.0,99.04746071018528,C
B00LM4W1N2,91,600.0,54600.0,99.0543408932238,C
B07HK53XM4,91,599.0,54509.0,99.06120960929059,C
B08VGM3YMF,109,499.0,54391.0,99.06806345609733,C
B09BCNQ9R2,109,499.0,54391.0,99.07491730290407,C
B01IOZUHRS,109,499.0,54391.0,99.08177114971082,C
B07YQ5SN4H,91,595.0,54145.0,99.08859399789068,C
B08BG4M4N7,108,499.0,53892.0,99.09538496536894,C
B005LJQMCK,89,599.0,53311.0,99.10210272064305,C
B08M66K48D,89,599.0,53311.0,99.10882047591716,C
B01GGKZ0V6,63,845.0,53235.0,99.11552865437972,C
B00P0R95EA,83,640.0,53120.0,99.12222234161426,C
B00SMFPJG0,79,670.0,52930.0,99.12889208681993,C
B00NH12R1O,109,485.0,52865.0,99.1355536413315,C
B09YHLPQYT,88,600.0,52800.0,99.14220700514896,C
B0B97D658R,66,799.0,52734.0,99.14885205226166,C
B00R1P3B4O,96,549.0,52704.0,99.15549331905402,C
B073BRXPZX,89,590.0,52510.0,99.16211013977477,C
B00GGGOYEU,75,699.0,52425.0,99.16871624958785,C
B06XMZV7RH,105,499.0,52395.0,99.17531857908058,C
B08XMG618K,105,499.0,52395.0,99.18192090857332,C
B07W14CHV8,65,799.0,51935.0,99.18846527315401,C
B06XR9PR5X,86,600.0,51600.0,99.19496742415745,C
B07NTKGW45,57,899.0,51243.0,99.20142458934872,C
B08VRMK55F,73,699.0,51027.0,99.20785453623346,C
B00GZLB57U,73,699.0,51027.0,99.21428448311819,C
B08WD18LJZ,85,600.0,51000.0,99.22071102771461,C
B08VGDBF3B,102,499.0,50898.0,99.22712471922185,C
B00Y4ORQ46,64,795.0,50880.0,99.23353614253686,C
B09SFRNKSR,101,499.0,50399.0,99.23988695471559,C
B07H1S7XW8,101,499.0,50399.0,99.24623776689431,C
B0711PVX6Z,100,500.0,50000.0,99.25253830081238,C
B08R69WBN7,100,499.0,49900.0,99.2588262336626,C
B07PLHTTB4,100,499.0,49900.0,99.26511416651283,C
B09KH58JZR,125,399.0,49875.0,99.2713989490961,C
B07232M876,126,395.0,49770.0,99.27767050055813,C
B00RGLI0ZS,83,599.0,49717.0,99.28393537345421,C
B09SB6SJB4,83,599.0,49717.0,99.2902002463503,C
B09LHXNZLR,99,499.0,49401.0,99.29642529987203,C
B01IBRHE3E,99,499.0,49401.0,99.30265035339374,C
B07GLNJC25,99,499.0,49401.0,99.30887540691546,C
B014SZPBM4,122,400.0,48800.0,99.3150247280195,C
B00GG59HU2,81,599.0,48519.0,99.3211386401229,C
B09T37CKQ5,81,599.0,48519.0,99.32725255222631,C
B09L8DT7D6,97,499.0,48403.0,99.33335184709102,C
B09X5HD5T1,97,499.0,48403.0,99.33945114195575,C
B0B3DV7S9B,97,499.0,48403.0,99.34555043682046,C
B0BBLHTRM9,69,699.0,48231.0,99.3516280578485,C
B07HZ2QCGR,80,599.0,47920.0,99.35766648955557,C
B08PKBMJKS,96,499.0,47904.0,99.36370290509178,C
B094DQWV9B,120,399.0,47880.0,99.36973629637173,C
B0941392C8,106,449.0,47594.0,99.37573364859765,C
B0117H7GZ6,119,399.0,47481.0,99.38171676161691,C
B00NNQMYNE,95,499.0,47405.0,99.38769029782463,C
B09CMP1SC8,95,499.0,47405.0,99.39366383403235,C
B08RZ12GKR,95,499.0,47405.0,99.39963737024006,C
B0B2DJDCPX,95,499.0,47405.0,99.40561090644778,C
B09H39KTTB,95,499.0,47405.0,99.41158444265548,C
B094JNXNPV,117,399.0,46683.0,99.41746699915342,C
B083J64CBB,93,499.0,46407.0,99.42331477670413,C
B07H8W9PB6,93,499.0,46407.0,99.42916255425484,C
B00E9G8KOY,77,600.0,46200.0,99.43498424759512,C
B09NL4DCXK,77,599.0,46123.0,99.44079623811318,C
B08DCVRW98,92,499.0,45908.0,99.4465811363354,C
B003B00484,92,499.0,45908.0,99.4523660345576,C
B00AXHBBXU,83,550.0,45650.0,99.45811842202478,C
B0819HZPXL,83,549.0,45567.0,99.46386035060567,C
B016MDK4F4,91,499.0,45409.0,99.46958236949938,C
B07F6GXNPB,90,500.0,45000.0,99.47525285002564,C
B00K32PEW4,84,535.0,44940.0,99.48091576991119,C
B07VJ9ZTXS,75,599.0,44925.0,99.48657679963657,C
B07VQGVL68,90,499.0,44910.0,99.49223593920176,C
B09SGGRKV8,90,499.0,44910.0,99.49789507876697,C
B08YDFX7Y1,100,449.0,44900.0,99.50355295822538,C
B08G28Z33M,64,699.0,44736.0,99.50919017193256,C
B09LMMFW3S,112,399.0,44688.0,99.51482133712716,C
B08CF4SCNP,74,599.0,44326.0,99.5204068864562,C
B07S7DCJKS,88,499.0,43912.0,99.5259402673644,C
B083342NKJ,110,399.0,43890.0,99.53147087603767,C
B0926V9CTV,73,599.0,43727.0,99.53698094497038,C
B01MRARGBW,108,400.0,43200.0,99.54242460627557,C
B07DKZCZ89,86,499.0,42914.0,99.54783222852677,C
B09DSQXCM8,86,499.0,42914.0,99.55323985077797,C
B085194JFL,85,499.0,42415.0,99.55858459370066,C
B08YXJJW8H,106,399.0,42294.0,99.56391408933126,C
B0B3RHX6B6,106,399.0,42294.0,99.56924358496188,C
B08HD7JQHX,84,499.0,41916.0,99.57452544855606,C
B08WRBG3XW,84,499.0,41916.0,99.57980731215025,C
B01N90RZ4M,84,499.0,41916.0,99.58508917574444,C
B014I8SSD0,88,475.0,41800.0,99.59035642209994,C
B07GXPDLYQ,83,499.0,41417.0,99.59557540636563,C
B0765B3TH7,69,599.0,41331.0,99.60078355371297,C
B07Q4NJQC5,69,599.0,41331.0,99.60599170106032,C
B07R99NBVB,69,599.0,41331.0,99.61119984840767,C
B0B8ZWNR5T,82,499.0,40918.0,99.61635595334485,C
B0B296NTFV,68,599.0,40732.0,99.62148862029586,C
B071VMP1Z4,102,399.0,40698.0,99.6266170028838,C
B09MMD1FDN,58,699.0,40542.0,99.63172572780593,C
B08R69VDHT,81,499.0,40419.0,99.63681895341462,C
B09VZBGL1N,81,499.0,40419.0,99.6419121790233,C
B09ZPL5VYM,81,499.0,40419.0,99.64700540463197,C
B09VGKFM7Y,81,499.0,40419.0,99.65209863024066,C
B09MM6P76N,67,599.0,40133.0,99.65715581679532,C
B09YLXYP7Y,100,399.0,39900.0,99.66218364286195,C
B004IO5BMQ,40,995.0,39800.0,99.66719886786072,C
B01LWYDEQ7,80,495.0,39600.0,99.67218889072382,C
B077T3BG5L,97,399.0,38703.0,99.67706588200843,C
B07GXHC691,77,499.0,38423.0,99.68190759030311,C
B08JD36C6H,85,450.0,38250.0,99.68672749875043,C
B01F25X6RQ,76,499.0,37924.0,99.6915063277166,C
B09YLX91QR,95,399.0,37905.0,99.69628276247988,C
B0B65MJ45G,69,549.0,37881.0,99.70105617298688,C
B08CF3B7N1,94,399.0,37506.0,99.7057823294895,C
B07LFQLKFZ,88,420.0,36960.0,99.71043968416173,C
B09YLYB9PB,92,399.0,36708.0,99.71506528414301,C
B09HK9JH4F,91,399.0,36309.0,99.71964060586363,C
B07T5DKR5D,91,399.0,36309.0,99.72421592758424,C
B07VVXJ2P5,91,399.0,36309.0,99.72879124930486,C
B0B5ZF3NRK,60,599.0,35940.0,99.73332007308517,C
B014SZO90Y,113,315.0,35595.0,99.73780542318143,C
B07L5L4GTB,88,404.0,35552.0,99.74228535481853,C
B00C3GBCIS,71,499.0,35429.0,99.74674978714219,C
B09Z6WH2N1,71,499.0,35429.0,99.75121421946585,C
B0BQ3K23Y1,71,499.0,35429.0,99.75567865178951,C
B00PVT30YI,70,499.0,34930.0,99.76008020478467,C
B01F7B2JCI,77,450.0,34650.0,99.76444647478988,C
B099S26HWG,115,300.0,34500.0,99.76879384319335,C
B00N3XLDW0,85,400.0,34000.0,99.77307820625762,C
B09Q8WQ5QJ,68,499.0,33932.0,99.77735400059578,C
B09L835C3V,85,399.0,33915.0,99.7816276527524,C
B09VH568H7,112,299.0,33488.0,99.78584749834936,C
B08DDRGWTJ,110,299.0,32890.0,99.78999198956066,C
B00LHZWD0C,104,315.0,32760.0,99.79412009938378,C
B07LG96SDB,64,510.0,32640.0,99.79823308792548,C
B0BFWGBX61,93,349.0,32457.0,99.80232301651306,C
B09KLVMZ3B,81,399.0,32319.0,99.806395555627,C
B0752LL57V,73,440.0,32120.0,99.81044301861597,C
B07J2BQZD6,80,399.0,31920.0,99.81446527946926,C
B082LSVT4B,80,399.0,31920.0,99.81848754032255,C
B09NKZXMWJ,128,249.0,31872.0,99.82250375266328,C
B08CF3D7QR,94,339.0,31866.0,99.82651920893994,C
B083RD1J99,79,399.0,31521.0,99.83049119153257,C
B07RX42D3D,89,350.0,31150.0,99.83441642416352,C
B09PNR6F8Q,78,399.0,31122.0,99.83833812849548,C
B093QCY6YJ,87,349.0,30363.0,99.84216419072256,C
B09Y14JLP3,59,499.0,29441.0,99.84587407110419,C
B00LZPQVMK,92,320.0,29440.0,99.84958382547515,C
B003L62T7W,75,375.0,28125.0,99.85312787580405,C
B00MFPCY5C,92,299.0,27508.0,99.85659417754441,C
B07MP21WJD,92,299.0,27508.0,99.86006047928477,C
B0B7L86YCB,88,300.0,26400.0,99.86338716119351,C
B082LZGK39,87,299.0,26013.0,99.86666507696972,C
B00BN5SNF0,104,250.0,26000.0,99.8699413546071,C
B08MTCKDYN,86,299.0,25714.0,99.8731815931905,C
B08P9RYPLR,103,249.0,25647.0,99.87641338905843,C
B0B3N8VG24,83,299.0,24817.0,99.87954059606331,C
B08CDKQ8T6,69,349.0,24081.0,99.88257505920893,C
B00LVMTA2A,95,250.0,23750.0,99.88556781282001,C
B00LY1FN1K,102,230.0,23460.0,99.88852402333437,C
B08243SKCK,77,299.0,23023.0,99.89142516718228,C
B0B3MQXNFB,115,199.0,22885.0,99.89430892155657,C
B09RF2QXGX,76,299.0,22724.0,99.89717238821166,C
B09X79PP8F,75,299.0,22425.0,99.89999817767391,C
B089BDBDGM,90,249.0,22410.0,99.90282207697598,C
B09NL4DJ2Z,90,249.0,22410.0,99.90564597627805,C
B00LY12TH6,97,230.0,22310.0,99.90845727451229,C
B08SJVD8QD,57,389.0,22173.0,99.9112513092836,C
B08QJJCY2Q,71,299.0,21229.0,99.91392638997452,C
B09CTRPSJR,89,237.0,21093.0,99.9165843332132,C
B00KIE28X0,68,310.0,21080.0,99.91924063831306,C
B07VV37FT4,82,250.0,20500.0,99.92182385721945,C
B0BHYLCL19,51,399.0,20349.0,99.92438804851344,C
B0B4SJKRDF,85,239.0,20315.0,99.92694795544433,C
B01DJJVFPC,64,315.0,20160.0,99.9294883307201,C
B09FHHTL8L,98,199.0,19502.0,99.9319457909695,C
B09BL2KHQW,74,260.0,19240.0,99.93437023642117,C
B07L9FW9GF,77,249.0,19173.0,99.93678623915739,C
B00LHZW3XY,106,180.0,19080.0,99.93919052290052,C
B00DJ5N9VK,121,150.0,18150.0,99.94147761671277,C
B00LXTFMRS,80,225.0,18000.0,99.94374580892328,C
B06Y36JKC3,60,300.0,18000.0,99.94601400113378,C
B07Q7561HD,97,180.0,17460.0,99.94821414757797,C
B079Y6JZC8,58,299.0,17342.0,99.95039942476211,C
B08VGFX2B6,86,199.0,17114.0,99.95255597151159,C
B08Y5QJTVK,82,200.0,16400.0,99.95462254663671,C
B086PXQ2R4,97,165.0,16005.0,99.95663934754388,C
B00N1U9AJS,97,165.0,16005.0,99.95865614845106,C
B00LY17RHI,70,225.0,15750.0,99.96064081663523,C
B08QDPB1SL,71,220.0,15620.0,99.96260910343123,C
B00SH18114,52,299.0,15548.0,99.9645683174584,C
B00N1U7JXM,86,175.0,15050.0,99.96646477816773,C
B09NJN8L25,75,199.0,14925.0,99.96834548754228,C
B08Y57TPDM,74,200.0,14800.0,99.97021044558203,C
B00LZLQ624,91,160.0,14560.0,99.97204516105896,C
B00LZLPYHW,91,160.0,14560.0,99.9738798765359,C
B00ZRBWPA0,80,180.0,14400.0,99.9756944303043,C
B08BQ947H3,95,149.0,14155.0,99.9774781114565,C
B0116MIKKC,79,171.0,13509.0,99.97918038971049,C
B07SBGFDX9,110,120.0,13200.0,99.98084373066486,C
B00LM4X3XE,129,100.0,12900.0,99.98246926841571,C
B00P93X6EK,79,160.0,12640.0,99.9840620433902,C
B00LOD70SC,56,210.0,11760.0,99.98554392896773,C
B00P93X0VO,96,120.0,11520.0,99.98699557198245,C
B095X38CJS,115,99.0,11385.0,99.9884302035556,C
B00LM4X0KU,109,100.0,10900.0,99.98980371994973,C
B09N6TTHT6,109,99.0,10791.0,99.99116350117993,C
B00VA7YYUO,104,99.0,10296.0,99.99246090712434,C
B00S2SEV7K,93,100.0,9300.0,99.9936328064331,C
B08F47T4X5,88,89.0,7832.0,99.99461972206602,C
B07JB2Y4SR,78,100.0,7800.0,99.99560260535723,C
B086Q3QMFS,62,120.0,7440.0,99.99654012480424,C
B00P93X2H6,95,75.0,7125.0,99.99743795088757,C
B0B4PPD89B,72,79.0,5688.0,99.99815469962608,C
B08TDJNM3G,82,59.0,4838.0,99.998764339288,C
B07KCMR8D6,76,50.0,3800.0,99.99924317986577,C
B00URH5E34,97,39.0,3783.0,99.99971987826201,C
B08TDJ5BVF,57,39.0,2223.0,100.00000000000001,C
