product_id,inventory_level,safety_stock,reorder_point,sales_volume,average_daily_demand,reorder_point_calculated
B07JW9H4J1,82,8.200000000000001,32.8,382,1.0465753424657533,15.526027397260275
B07JW9H4J1,82,8.200000000000001,32.8,382,1.0465753424657533,15.526027397260275
B098NS6PVG,126,12.6,50.4,358,0.9808219178082191,19.465753424657535
B098NS6PVG,126,12.6,50.4,358,0.9808219178082191,19.465753424657535
B096MSW6CT,187,18.7,74.8,356,0.9753424657534246,25.527397260273972
B096MSW6CT,187,18.7,74.8,356,0.9753424657534246,25.527397260273972
B08HDJ86NZ,132,13.2,52.8,388,1.063013698630137,20.64109589041096
B08HDJ86NZ,132,13.2,52.8,388,1.063013698630137,20.64109589041096
B08CF3B7N1,95,9.5,38.0,94,0.25753424657534246,11.302739726027397
B08Y1TFSP6,128,12.8,51.2,356,0.9753424657534246,19.627397260273973
B08Y1TFSP6,128,12.8,51.2,356,0.9753424657534246,19.627397260273973
B08WRWPM22,50,5.0,20.0,382,1.0465753424657533,12.326027397260273
B08WRWPM22,50,5.0,20.0,382,1.0465753424657533,12.326027397260273
B08DDRGWTJ,77,7.7,30.8,110,0.3013698630136986,9.80958904109589
B008IFXQFU,196,19.6,78.4,84,0.23013698630136986,21.21095890410959
B082LZGK39,152,15.2,60.8,87,0.23835616438356164,16.86849315068493
B08CF3D7QR,106,10.6,42.4,94,0.25753424657534246,12.402739726027397
B0789LZTCJ,87,8.700000000000001,34.8,392,1.073972602739726,16.21780821917808
B0789LZTCJ,87,8.700000000000001,34.8,392,1.073972602739726,16.21780821917808
B07KSMBL2H,108,10.8,43.2,364,0.9972602739726028,17.78082191780822
B07KSMBL2H,108,10.8,43.2,364,0.9972602739726028,17.78082191780822
B085DTN6R2,111,11.1,44.4,348,0.9534246575342465,17.773972602739725
B085DTN6R2,111,11.1,44.4,348,0.9534246575342465,17.773972602739725
B09KLVMZ3B,65,6.5,26.0,81,0.2219178082191781,8.053424657534247
B083342NKJ,162,16.2,64.8,110,0.3013698630136986,18.30958904109589
B0B6F7LX4C,98,9.8,39.2,105,0.2876712328767123,11.813698630136987
B082LSVT4B,184,18.4,73.6,80,0.2191780821917808,19.934246575342463
B08WRBG3XW,52,5.2,20.8,84,0.23013698630136986,6.810958904109589
B08DPLCM6T,108,10.8,43.2,86,0.2356164383561644,12.449315068493151
B09C6HXFC1,116,11.6,46.4,74,0.20273972602739726,13.01917808219178
B085194JFL,140,14.0,56.0,85,0.2328767123287671,15.63013698630137
B09F6S8BT6,182,18.2,72.8,88,0.2410958904109589,19.887671232876713
B09NHVCHS9,132,13.2,52.8,346,0.947945205479452,19.835616438356162
B09NHVCHS9,132,13.2,52.8,346,0.947945205479452,19.835616438356162
B0B1YVCJ2Y,193,19.3,77.2,90,0.2465753424657534,21.026027397260275
B01M4GGIVU,66,6.6000000000000005,26.4,112,0.30684931506849317,8.747945205479454
B08B42LWKN,123,12.3,49.2,85,0.2328767123287671,13.93013698630137
B094JNXNPV,70,7.0,28.0,117,0.32054794520547947,9.243835616438357
B09W5XR9RT,103,10.3,41.2,79,0.21643835616438356,11.815068493150687
B077Z65HSD,168,16.8,67.2,85,0.2328767123287671,18.43013698630137
B00NH11PEY,130,13.0,52.0,93,0.2547945205479452,14.783561643835617
B09CMM3VGK,104,10.4,41.6,344,0.9424657534246575,16.997260273972604
B09CMM3VGK,104,10.4,41.6,344,0.9424657534246575,16.997260273972604
B08QSC1XY8,101,10.1,40.4,78,0.2136986301369863,11.595890410958903
B008FWZGSG,119,11.9,47.6,100,0.273972602739726,13.817808219178083
B0B4HJNPV4,104,10.4,41.6,82,0.22465753424657534,11.972602739726028
B08Y1SJVV5,151,15.1,60.4,396,1.084931506849315,22.694520547945203
B08Y1SJVV5,151,15.1,60.4,396,1.084931506849315,22.694520547945203
B07XLCFSSN,193,19.3,77.2,88,0.2410958904109589,20.987671232876714
B09RZS1NQT,95,9.5,38.0,410,1.1232876712328768,17.363013698630137
B09RZS1NQT,95,9.5,38.0,410,1.1232876712328768,17.363013698630137
B0B3MMYHYW,76,7.6,30.4,120,0.3287671232876712,9.901369863013699
B09C6HWG18,118,11.8,47.2,88,0.2410958904109589,13.487671232876714
B00NH11KIK,149,14.9,59.6,432,1.1835616438356165,23.184931506849317
B00NH11KIK,149,14.9,59.6,432,1.1835616438356165,23.184931506849317
B09JPC82QC,105,10.5,42.0,96,0.26301369863013696,12.341095890410958
B07JW1Y6XV,108,10.8,43.2,127,0.34794520547945207,13.235616438356164
B07KRCW6LZ,162,16.2,64.8,119,0.32602739726027397,18.482191780821918
B09NJN8L25,52,5.2,20.8,75,0.2054794520547945,6.638356164383562
B07XJYYH7L,50,5.0,20.0,99,0.27123287671232876,6.898630136986301
B002PD61Y4,150,15.0,60.0,94,0.25753424657534246,16.802739726027397
B014I8SSD0,156,15.6,62.4,88,0.2410958904109589,17.28767123287671
B09L8DSSFH,95,9.5,38.0,92,0.25205479452054796,11.264383561643836
B07232M876,132,13.2,52.8,126,0.3452054794520548,15.616438356164384
B07P681N66,173,17.3,69.2,97,0.26575342465753427,19.16027397260274
B0711PVX6Z,58,5.800000000000001,23.2,100,0.273972602739726,7.717808219178083
B082T6V3DT,91,9.1,36.4,89,0.24383561643835616,10.806849315068494
B07MKFNHKG,127,12.7,50.8,79,0.21643835616438356,14.215068493150685
B0BFWGBX61,143,14.3,57.2,93,0.2547945205479452,16.083561643835615
B01N90RZ4M,68,6.800000000000001,27.2,84,0.23013698630136986,8.41095890410959
B0088TKTY2,138,13.8,55.2,95,0.2602739726027397,15.621917808219179
B09Q5SWVBJ,61,6.1000000000000005,24.4,81,0.2219178082191781,7.653424657534247
B0B4DT8MKT,92,9.2,36.8,75,0.2054794520547945,10.638356164383561
B08CDKQ8T6,141,14.1,56.4,69,0.18904109589041096,15.423287671232876
B07B275VN9,80,8.0,32.0,96,0.26301369863013696,9.841095890410958
B0B15CPR37,188,18.8,75.2,97,0.26575342465753427,20.66027397260274
B0994GFWBH,54,5.4,21.6,69,0.18904109589041096,6.723287671232877
B01GGKZ0V6,66,6.6000000000000005,26.4,63,0.1726027397260274,7.808219178082192
B09F9YQQ7B,107,10.7,42.8,326,0.8931506849315068,16.95205479452055
B09F9YQQ7B,107,10.7,42.8,326,0.8931506849315068,16.95205479452055
B014I8SX4Y,187,18.7,74.8,79,0.21643835616438356,20.215068493150685
B09Q8HMKZX,72,7.2,28.8,95,0.2602739726027397,9.021917808219179
B0B9XN9S3W,78,7.800000000000001,31.2,73,0.2,9.200000000000001
B07966M8XH,74,7.4,29.6,69,0.18904109589041096,8.723287671232876
B01GGKYKQM,90,9.0,36.0,402,1.1013698630136985,16.70958904109589
B01GGKYKQM,90,9.0,36.0,402,1.1013698630136985,16.70958904109589
B0B86CDHL1,99,9.9,39.6,84,0.23013698630136986,11.51095890410959
B0B5ZF3NRK,199,19.9,79.6,60,0.1643835616438356,21.050684931506847
B09RFC46VP,80,8.0,32.0,113,0.3095890410958904,10.167123287671233
B08R69VDHT,81,8.1,32.4,81,0.2219178082191781,9.653424657534247
B09RWZRCP1,76,7.6,30.4,75,0.2054794520547945,9.038356164383561
B09CMP1SC8,166,16.6,66.4,95,0.2602739726027397,18.42191780821918
B09YLXYP7Y,83,8.3,33.2,100,0.273972602739726,10.217808219178083
B09ZPM4C2C,100,10.0,40.0,94,0.25753424657534246,11.802739726027397
B0B2DJDCPX,179,17.900000000000002,71.6,95,0.2602739726027397,19.72191780821918
B0BCZCQTJX,145,14.5,58.0,100,0.273972602739726,16.41780821917808
B07LGT55SJ,86,8.6,34.4,76,0.20821917808219179,10.057534246575342
B09NKZXMWJ,150,15.0,60.0,128,0.3506849315068493,17.454794520547946
B08QX1CC14,122,12.2,48.8,114,0.31232876712328766,14.386301369863013
B0974H97TJ,198,19.8,79.2,90,0.2465753424657534,21.526027397260275
B07GVGTSLN,185,18.5,74.0,76,0.20821917808219179,19.957534246575342
B09VCHLSJF,72,7.2,28.8,96,0.26301369863013696,9.04109589041096
B0B1YZX72F,158,15.8,63.2,93,0.2547945205479452,17.583561643835615
B092BJMT8Q,195,19.5,78.0,107,0.29315068493150687,21.552054794520547
B0BMXMLSMM,112,11.2,44.8,107,0.29315068493150687,13.252054794520546
B07JH1C41D,136,13.6,54.4,72,0.19726027397260273,14.98082191780822
B0141EZMAI,59,5.9,23.6,93,0.2547945205479452,7.683561643835617
B09Q5P2MT3,181,18.1,72.4,91,0.2493150684931507,19.845205479452055
B08HDH26JX,114,11.4,45.6,79,0.21643835616438356,12.915068493150685
B09VT6JKRP,117,11.7,46.8,107,0.29315068493150687,13.752054794520546
B09T3KB6JZ,171,17.1,68.4,82,0.22465753424657534,18.672602739726027
B093QCY6YJ,52,5.2,20.8,87,0.23835616438356164,6.868493150684932
B093ZNQZ2Y,68,6.800000000000001,27.2,95,0.2602739726027397,8.621917808219179
B08LKS3LSP,186,18.6,74.4,81,0.2219178082191781,20.15342465753425
B00V4BGDKU,89,8.9,35.6,91,0.2493150684931507,10.645205479452056
B08CHKQ8D4,80,8.0,32.0,88,0.2410958904109589,9.687671232876713
B09BW334ML,67,6.7,26.8,101,0.27671232876712326,8.636986301369863
B082T6GVLJ,147,14.7,58.8,84,0.23013698630136986,16.31095890410959
B07DL1KC3H,82,8.200000000000001,32.8,80,0.2191780821917808,9.734246575342468
B0B6F98KJJ,119,11.9,47.6,89,0.24383561643835616,13.606849315068494
B07JNVF678,139,13.9,55.6,94,0.25753424657534246,15.702739726027398
B09QGZFBPM,72,7.2,28.8,91,0.2493150684931507,8.945205479452055
B07JGDB5M1,52,5.2,20.8,92,0.25205479452054796,6.964383561643836
B0981XSZJ7,110,11.0,44.0,82,0.22465753424657534,12.572602739726028
B0B9XLX8VR,61,6.1000000000000005,24.4,87,0.23835616438356164,7.768493150684932
B08Y5KXR6Z,198,19.8,79.2,123,0.336986301369863,22.15890410958904
B09F6VHQXB,129,12.9,51.6,83,0.2273972602739726,14.491780821917809
B0974G5Q2Y,190,19.0,76.0,106,0.29041095890410956,21.03287671232877
B09YL9SN9B,82,8.200000000000001,32.8,92,0.25205479452054796,9.964383561643837
B09RX1FK54,157,15.7,62.8,74,0.20273972602739726,17.11917808219178
B09TT6BFDX,68,6.800000000000001,27.2,83,0.2273972602739726,8.39178082191781
B09KH58JZR,136,13.6,54.4,125,0.3424657534246575,15.997260273972602
B09DDCQFMT,80,8.0,32.0,76,0.20821917808219179,9.457534246575342
B08RP2L2NL,159,15.9,63.6,95,0.2602739726027397,17.721917808219178
B0B4G2MWSB,180,18.0,72.0,114,0.31232876712328766,20.186301369863013
B0B21C4BMX,65,6.5,26.0,113,0.3095890410958904,8.667123287671233
B084MZXJNK,126,12.6,50.4,130,0.3561643835616438,15.093150684931507
B0BHZCNC4P,162,16.2,64.8,107,0.29315068493150687,18.252054794520546
B0B16KD737,72,7.2,28.8,86,0.2356164383561644,8.849315068493151
B099K9ZX65,115,11.5,46.0,106,0.29041095890410956,13.532876712328767
B08Y55LPBF,77,7.7,30.8,91,0.2493150684931507,9.445205479452055
B015OW3M1W,146,14.6,58.4,86,0.2356164383561644,16.24931506849315
B01D5H8ZI8,69,6.9,27.6,102,0.27945205479452057,8.856164383561644
B09X1M3DHX,186,18.6,74.4,101,0.27671232876712326,20.536986301369865
B09MM6P76N,197,19.700000000000003,78.8,67,0.18356164383561643,20.984931506849318
B01D5H8LDM,163,16.3,65.2,99,0.27123287671232876,18.198630136986303
B0B1YY6JJL,139,13.9,55.6,103,0.2821917808219178,15.875342465753425
B09QGZM8QB,113,11.3,45.2,88,0.2410958904109589,12.987671232876714
B08L4SBJRY,144,14.4,57.6,103,0.2821917808219178,16.375342465753427
B09X79PP8F,134,13.4,53.6,75,0.2054794520547945,14.838356164383562
B082T6GVG9,188,18.8,75.2,76,0.20821917808219179,20.257534246575343
B0B3XY5YT4,194,19.4,77.6,94,0.25753424657534246,21.202739726027396
B0B4HKH19N,105,10.5,42.0,98,0.2684931506849315,12.37945205479452
B08TGG316Z,108,10.8,43.2,89,0.24383561643835616,12.506849315068493
B071VMP1Z4,121,12.1,48.4,102,0.27945205479452057,14.056164383561644
B071SDRGWL,181,18.1,72.4,100,0.273972602739726,20.017808219178082
B08PSQRW2T,123,12.3,49.2,89,0.24383561643835616,14.006849315068493
B0859M539M,174,17.400000000000002,69.6,106,0.29041095890410956,19.43287671232877
B08RX8G496,78,7.800000000000001,31.2,92,0.25205479452054796,9.564383561643837
B002SZEOLG,120,12.0,48.0,87,0.23835616438356164,13.668493150684931
B08CS3BT4L,112,11.2,44.8,97,0.26575342465753427,13.06027397260274
B00RFWNJMC,86,8.6,34.4,110,0.3013698630136986,10.70958904109589
B082T6GXS5,146,14.6,58.4,86,0.2356164383561644,16.24931506849315
B09CMQRQM6,142,14.2,56.8,88,0.2410958904109589,15.887671232876713
B005LJQMCK,78,7.800000000000001,31.2,89,0.24383561643835616,9.506849315068493
B09C6H53KH,112,11.2,44.8,107,0.29315068493150687,13.252054794520546
B0BB3CBFBM,164,16.400000000000002,65.6,66,0.18082191780821918,17.665753424657538
B08QSDKFGQ,106,10.6,42.4,75,0.2054794520547945,12.038356164383561
B08PV1X771,112,11.2,44.8,68,0.1863013698630137,12.504109589041095
B07YTNKVJQ,108,10.8,43.2,137,0.37534246575342467,13.427397260273974
B0117H7GZ6,115,11.5,46.0,119,0.32602739726027397,13.782191780821918
B09XJ1LM7R,55,5.5,22.0,98,0.2684931506849315,7.379452054794521
B084N133Y7,94,9.4,37.6,90,0.2465753424657534,11.126027397260273
B088Z1YWBC,164,16.400000000000002,65.6,68,0.1863013698630137,17.7041095890411
B07VSG5SXZ,157,15.7,62.8,89,0.24383561643835616,17.40684931506849
B08RWCZ6SY,107,10.7,42.8,83,0.2273972602739726,12.291780821917808
B07KSB1MLX,119,11.9,47.6,97,0.26575342465753427,13.76027397260274
B081FG1QYX,134,13.4,53.6,96,0.26301369863013696,15.241095890410959
B08R69WBN7,90,9.0,36.0,100,0.273972602739726,10.917808219178083
B0B3RHX6B6,117,11.7,46.8,106,0.29041095890410956,13.732876712328766
B084N18QZY,93,9.3,37.2,97,0.26575342465753427,11.160273972602742
B081NHWT6Z,148,14.8,59.2,49,0.13424657534246576,15.73972602739726
B07JPJJZ2H,71,7.1000000000000005,28.4,77,0.21095890410958903,8.576712328767124
B09JKNF147,61,6.1000000000000005,24.4,108,0.2958904109589041,8.17123287671233
B0B9959XF3,154,15.4,61.6,106,0.29041095890410956,17.432876712328767
B09PNR6F8Q,74,7.4,29.6,78,0.2136986301369863,8.895890410958904
B07M69276N,191,19.1,76.4,79,0.21643835616438356,20.615068493150687
B0B1YZ9CB8,70,7.0,28.0,106,0.29041095890410956,9.032876712328767
B09YLYB9PB,132,13.2,52.8,92,0.25205479452054796,14.964383561643835
B08CTNJ985,176,17.6,70.4,96,0.26301369863013696,19.44109589041096
B0BP7XLX48,182,18.2,72.8,102,0.27945205479452057,20.156164383561645
B09LHXNZLR,172,17.2,68.8,99,0.27123287671232876,19.0986301369863
B0B3N8VG24,80,8.0,32.0,83,0.2273972602739726,9.591780821917808
B08PSVBB2X,170,17.0,68.0,69,0.18904109589041096,18.323287671232876
B0B3MQXNFB,174,17.400000000000002,69.6,115,0.3150684931506849,19.605479452054798
B08XMSKKMM,130,13.0,52.0,66,0.18082191780821918,14.265753424657534
B09L8DT7D6,123,12.3,49.2,97,0.26575342465753427,14.160273972602742
B00GE55L22,187,18.7,74.8,87,0.23835616438356164,20.36849315068493
B0162K34H2,106,10.6,42.4,88,0.2410958904109589,12.287671232876711
B0B8SRZ5SV,79,7.9,31.6,107,0.29315068493150687,9.95205479452055
B07CWNJLPC,55,5.5,22.0,111,0.3041095890410959,7.6287671232876715
B00NH12R1O,181,18.1,72.4,109,0.29863013698630136,20.19041095890411
B0B8SSC5D9,153,15.3,61.2,82,0.22465753424657534,16.872602739726027
B08WKG2MWT,198,19.8,79.2,83,0.2273972602739726,21.39178082191781
B0B466C3G4,94,9.4,37.6,78,0.2136986301369863,10.895890410958904
B005LJQMZC,121,12.1,48.4,91,0.2493150684931507,13.845205479452055
B07MDRGHWQ,126,12.6,50.4,90,0.2465753424657534,14.326027397260273
B07DC4RZPY,134,13.4,53.6,107,0.29315068493150687,15.45205479452055
B0B15GSPQW,74,7.4,29.6,65,0.1780821917808219,8.646575342465754
B08GJNM9N7,165,16.5,66.0,115,0.3150684931506849,18.705479452054796
B09C6FML9B,178,17.8,71.2,102,0.27945205479452057,19.756164383561647
B0B65MJ45G,96,9.6,38.4,69,0.18904109589041096,10.923287671232876
B08P9RYPLR,60,6.0,24.0,103,0.2821917808219178,7.975342465753425
B0B6F8HHR6,96,9.6,38.4,112,0.30684931506849317,11.747945205479452
B084MZXJN6,199,19.9,79.6,61,0.16712328767123288,21.06986301369863
B08XMG618K,163,16.3,65.2,105,0.2876712328767123,18.313698630136987
B0BCKWZ884,65,6.5,26.0,77,0.21095890410958903,7.976712328767123
B00GGGOYEK,138,13.8,55.2,89,0.24383561643835616,15.506849315068493
B07ZR4S1G4,54,5.4,21.6,89,0.24383561643835616,7.1068493150684935
B09C635BMM,150,15.0,60.0,93,0.2547945205479452,16.78356164383562
B00GG59HU2,83,8.3,33.2,81,0.2219178082191781,9.853424657534248
B00RGLI0ZS,79,7.9,31.6,83,0.2273972602739726,9.491780821917809
B09ZPJT8B2,148,14.8,59.2,111,0.3041095890410959,16.92876712328767
B07HZ2QCGR,52,5.2,20.8,80,0.2191780821917808,6.734246575342466
B095244Q22,56,5.6000000000000005,22.4,77,0.21095890410958903,7.076712328767124
B08CKW1KH9,173,17.3,69.2,94,0.25753424657534246,19.102739726027398
B0BLV1GNLN,165,16.5,66.0,85,0.2328767123287671,18.13013698630137
B08RHPDNVV,135,13.5,54.0,92,0.25205479452054796,15.264383561643836
B00NH13Q8W,141,14.1,56.4,91,0.2493150684931507,15.845205479452055
B0B8SSZ76F,59,5.9,23.6,58,0.1589041095890411,7.012328767123288
B0841KQR1Z,185,18.5,74.0,82,0.22465753424657534,20.072602739726026
B0B467CCB9,82,8.200000000000001,32.8,125,0.3424657534246575,10.597260273972603
B095JQVC7N,84,8.4,33.6,100,0.273972602739726,10.317808219178083
B08PPHFXG3,153,15.3,61.2,123,0.336986301369863,17.65890410958904
B06XR9PR5X,96,9.6,38.4,86,0.2356164383561644,11.24931506849315
B09JSW16QD,164,16.400000000000002,65.6,64,0.17534246575342466,17.627397260273973
B07JH1CBGW,70,7.0,28.0,107,0.29315068493150687,9.052054794520547
B09127FZCK,114,11.4,45.6,79,0.21643835616438356,12.915068493150685
B083GQGT3Z,60,6.0,24.0,124,0.33972602739726027,8.378082191780821
B09Q8WQ5QJ,191,19.1,76.4,68,0.1863013698630137,20.4041095890411
B07YZG8PPY,154,15.4,61.6,81,0.2219178082191781,16.953424657534246
B09H39KTTB,194,19.4,77.6,95,0.2602739726027397,21.221917808219178
B08DCVRW98,120,12.0,48.0,92,0.25205479452054796,13.764383561643836
B0718ZN31Q,111,11.1,44.4,120,0.3287671232876712,13.401369863013699
B0162LYSFS,52,5.2,20.8,82,0.22465753424657534,6.772602739726027
B07PFJ5VQD,170,17.0,68.0,130,0.3561643835616438,19.493150684931507
B01J8S6X2I,150,15.0,60.0,76,0.20821917808219179,16.457534246575342
B09MJ77786,86,8.6,34.4,112,0.30684931506849317,10.747945205479452
B09NNGHG22,83,8.3,33.2,86,0.2356164383561644,9.949315068493151
B07V5YF4ND,99,9.9,39.6,89,0.24383561643835616,11.606849315068494
B0B65P827P,116,11.6,46.4,112,0.30684931506849317,13.747945205479452
B084MZYBTV,71,7.1000000000000005,28.4,104,0.28493150684931506,9.094520547945207
B097ZQTDVZ,111,11.1,44.4,73,0.2,12.5
B0B5F3YZY4,167,16.7,66.8,69,0.18904109589041096,18.023287671232875
B09G5TSGXV,149,14.9,59.6,98,0.2684931506849315,16.779452054794522
B006LW0WDQ,54,5.4,21.6,69,0.18904109589041096,6.723287671232877
B09YLX91QR,55,5.5,22.0,95,0.2602739726027397,7.321917808219178
B081FJWN52,157,15.7,62.8,100,0.273972602739726,17.61780821917808
B0758F7KK7,146,14.6,58.4,78,0.2136986301369863,16.095890410958905
B09L835C3V,82,8.200000000000001,32.8,85,0.2328767123287671,9.83013698630137
B098TV3L96,112,11.2,44.8,80,0.2191780821917808,12.734246575342464
B08NCKT9FG,81,8.1,32.4,106,0.29041095890410956,10.132876712328766
B0B4T6MR8N,139,13.9,55.6,89,0.24383561643835616,15.606849315068494
B01GGKZ4NU,123,12.3,49.2,69,0.18904109589041096,13.623287671232877
B09BW2GP18,70,7.0,28.0,73,0.2,8.4
B09WN3SRC7,51,5.1000000000000005,20.4,65,0.1780821917808219,6.346575342465754
B09B125CFJ,81,8.1,32.4,103,0.2821917808219178,10.075342465753424
B09RQRZW2X,172,17.2,68.8,106,0.29041095890410956,19.232876712328768
B07924P3C5,56,5.6000000000000005,22.4,134,0.36712328767123287,8.169863013698631
B08N1WL9XW,98,9.8,39.2,94,0.25753424657534246,11.602739726027398
B07VVXJ2P5,164,16.400000000000002,65.6,91,0.2493150684931507,18.145205479452056
B0BC8BQ432,126,12.6,50.4,106,0.29041095890410956,14.632876712328766
B06XFTHCNY,93,9.3,37.2,104,0.28493150684931506,11.294520547945206
B08CT62BM1,142,14.2,56.8,64,0.17534246575342466,15.427397260273972
B07CRL2GY6,77,7.7,30.8,69,0.18904109589041096,9.023287671232877
B07DWFX9YS,181,18.1,72.4,95,0.2602739726027397,19.92191780821918
B01D5H90L4,158,15.8,63.2,100,0.273972602739726,17.71780821917808
B07F1P8KNV,61,6.1000000000000005,24.4,127,0.34794520547945207,8.535616438356165
B084N1BM9L,73,7.300000000000001,29.2,73,0.2,8.700000000000001
B09F6D21BY,187,18.7,74.8,83,0.2273972602739726,20.291780821917808
B09LQQYNZQ,189,18.9,75.6,104,0.28493150684931506,20.894520547945206
B0BC9BW512,109,10.9,43.6,91,0.2493150684931507,12.645205479452056
B0B61HYR92,118,11.8,47.2,95,0.2602739726027397,13.621917808219179
B075ZTJ9XR,110,11.0,44.0,89,0.24383561643835616,12.706849315068492
B0978V2CP6,121,12.1,48.4,96,0.26301369863013696,13.941095890410958
B09LRZYBH1,70,7.0,28.0,104,0.28493150684931506,8.994520547945205
B0B997FBZT,178,17.8,71.2,89,0.24383561643835616,19.506849315068493
B098LCVYPW,107,10.7,42.8,101,0.27671232876712326,12.636986301369863
B09HV71RL1,81,8.1,32.4,86,0.2356164383561644,9.74931506849315
B08PZ6HZLT,179,17.900000000000002,71.6,81,0.2219178082191781,19.45342465753425
B075TJHWVC,131,13.1,52.4,84,0.23013698630136986,14.710958904109589
B09LV13JFB,119,11.9,47.6,86,0.2356164383561644,13.54931506849315
B092BL5DCX,67,6.7,26.8,85,0.2328767123287671,8.330136986301369
B09VH568H7,99,9.9,39.6,112,0.30684931506849317,12.047945205479452
B09HQSV46W,188,18.8,75.2,92,0.25205479452054796,20.564383561643837
B08TZD7FQN,149,14.9,59.6,94,0.25753424657534246,16.702739726027396
B0B21XL94T,84,8.4,33.6,60,0.1643835616438356,9.550684931506849
B09PTT8DZF,178,17.8,71.2,83,0.2273972602739726,19.39178082191781
B0B94JPY2N,83,8.3,33.2,93,0.2547945205479452,10.083561643835617
B0B3XXSB1K,72,7.2,28.8,81,0.2219178082191781,8.753424657534246
B08RZ12GKR,107,10.7,42.8,95,0.2602739726027397,12.521917808219177
B0B4T8RSJ1,66,6.6000000000000005,26.4,83,0.2273972602739726,8.191780821917808
B0B7B9V9QP,170,17.0,68.0,85,0.2328767123287671,18.63013698630137
B08XXVXP3J,53,5.300000000000001,21.2,101,0.27671232876712326,7.236986301369864
B06XGWRKYT,149,14.9,59.6,133,0.3643835616438356,17.45068493150685
B07CWDX49D,122,12.2,48.8,55,0.1506849315068493,13.254794520547945
B09TY4MSH3,89,8.9,35.6,69,0.18904109589041096,10.223287671232876
B07RY2X9MP,128,12.8,51.2,96,0.26301369863013696,14.64109589041096
B0B2C5MJN6,74,7.4,29.6,89,0.24383561643835616,9.106849315068494
B0BBMGLQDW,154,15.4,61.6,83,0.2273972602739726,16.991780821917807
B01LONQBDG,142,14.2,56.8,120,0.3287671232876712,16.501369863013696
B08XXF5V6G,76,7.6,30.4,73,0.2,9.0
B09HK9JH4F,126,12.6,50.4,91,0.2493150684931507,14.345205479452055
B09MMD1FDN,133,13.3,53.2,58,0.1589041095890411,14.412328767123288
B09HN7LD5L,51,5.1000000000000005,20.4,79,0.21643835616438356,6.615068493150686
B0BNDD9TN6,194,19.4,77.6,100,0.273972602739726,21.31780821917808
B0941392C8,154,15.4,61.6,106,0.29041095890410956,17.432876712328767
B01M5967SY,108,10.8,43.2,99,0.27123287671232876,12.698630136986303
B016MDK4F4,113,11.3,45.2,91,0.2493150684931507,13.045205479452056
B08G43CCLC,87,8.700000000000001,34.8,124,0.33972602739726027,11.078082191780823
B0B61GCHC1,121,12.1,48.4,100,0.273972602739726,14.017808219178082
B07RX14W1Q,139,13.9,55.6,89,0.24383561643835616,15.606849315068494
B09PLD9TCD,132,13.2,52.8,95,0.2602739726027397,15.021917808219177
B0B8ZKWGKD,100,10.0,40.0,95,0.2602739726027397,11.821917808219178
B09NNJ9WYM,145,14.5,58.0,114,0.31232876712328766,16.686301369863013
B08H5L8V1L,127,12.7,50.8,73,0.2,14.1
B0B8CXTTG3,81,8.1,32.4,82,0.22465753424657534,9.672602739726027
B09HCH3JZG,104,10.4,41.6,60,0.1643835616438356,11.550684931506849
B097JVLW3L,197,19.700000000000003,78.8,96,0.26301369863013696,21.54109589041096
B09SB6SJB4,142,14.2,56.8,83,0.2273972602739726,15.791780821917808
B08NW8GHCJ,164,16.400000000000002,65.6,91,0.2493150684931507,18.145205479452056
B09YHLPQYT,77,7.7,30.8,88,0.2410958904109589,9.387671232876713
B08G1RW2Q3,60,6.0,24.0,100,0.273972602739726,7.917808219178082
B08YXJJW8H,68,6.800000000000001,27.2,106,0.29041095890410956,8.832876712328767
B09P8M18QM,133,13.3,53.2,85,0.2328767123287671,14.93013698630137
B08BG4M4N7,136,13.6,54.4,108,0.2958904109589041,15.671232876712327
B07VJ9ZTXS,199,19.9,79.6,75,0.2054794520547945,21.338356164383562
B084872DQY,109,10.9,43.6,98,0.2684931506849315,12.779452054794522
B00GGGOYEU,168,16.8,67.2,75,0.2054794520547945,18.23835616438356
B08FD2VSD9,94,9.4,37.6,90,0.2465753424657534,11.126027397260273
B0BQRJ3C47,96,9.6,38.4,80,0.2191780821917808,11.134246575342466
B095JPKPH3,110,11.0,44.0,90,0.2465753424657534,12.726027397260275
B087JWLZ2K,129,12.9,51.6,72,0.19726027397260273,14.28082191780822
B09DSXK8JX,139,13.9,55.6,93,0.2547945205479452,15.683561643835617
B08V9C4B1J,92,9.2,36.8,91,0.2493150684931507,10.945205479452055
B08PKBMJKS,160,16.0,64.0,96,0.26301369863013696,17.84109589041096
B0B8VQ7KDS,63,6.300000000000001,25.2,111,0.3041095890410959,8.428767123287672
B086JTMRYL,181,18.1,72.4,90,0.2465753424657534,19.826027397260276
B09RWQ7YR6,105,10.5,42.0,78,0.2136986301369863,11.995890410958904
B00OFM6PEO,157,15.7,62.8,102,0.27945205479452057,17.656164383561645
B0BF57RN3K,184,18.4,73.6,110,0.3013698630136986,20.50958904109589
B0B3RRWSF6,83,8.3,33.2,362,0.9917808219178083,15.242465753424659
B0B3RRWSF6,83,8.3,33.2,362,0.9917808219178083,15.242465753424659
B0B5B6PQCT,114,11.4,45.6,362,0.9917808219178083,18.34246575342466
B0B5B6PQCT,114,11.4,45.6,362,0.9917808219178083,18.34246575342466
B08HV83HL3,77,7.7,30.8,74,0.20273972602739726,9.11917808219178
B0BBN4DZBD,173,17.3,69.2,84,0.23013698630136986,18.91095890410959
B0B3CPQ5PF,196,19.6,78.4,109,0.29863013698630136,21.69041095890411
B0B3CQBRB4,117,11.7,46.8,87,0.23835616438356164,13.36849315068493
B0BBN56J5H,195,19.5,78.0,80,0.2191780821917808,21.034246575342465
B0BBN3WF7V,112,11.2,44.8,131,0.3589041095890411,13.712328767123287
B0BDRVFDKP,108,10.8,43.2,372,1.0191780821917809,17.934246575342467
B0BDRVFDKP,108,10.8,43.2,372,1.0191780821917809,17.934246575342467
B0B5LVS732,149,14.9,59.6,362,0.9917808219178083,21.84246575342466
B0B5LVS732,149,14.9,59.6,362,0.9917808219178083,21.84246575342466
B09V2Q4QVQ,131,13.1,52.4,62,0.16986301369863013,14.289041095890411
B09V12K8NT,107,10.7,42.8,340,0.9315068493150684,17.220547945205478
B09V12K8NT,107,10.7,42.8,340,0.9315068493150684,17.220547945205478
B01DEWVZ2C,126,12.6,50.4,362,0.9917808219178083,19.542465753424658
B01DEWVZ2C,126,12.6,50.4,362,0.9917808219178083,19.542465753424658
B0BMGB3CH9,197,19.700000000000003,78.8,101,0.27671232876712326,21.636986301369866
B08D77XZX5,159,15.9,63.6,77,0.21095890410958903,17.376712328767123
B09XB8GFBQ,134,13.4,53.6,78,0.2136986301369863,14.895890410958904
B07WG8PDCW,90,9.0,36.0,300,0.821917808219178,14.753424657534246
B07WG8PDCW,90,9.0,36.0,300,0.821917808219178,14.753424657534246
B07GPXXNNG,132,13.2,52.8,78,0.2136986301369863,14.695890410958903
B0BDYVC5TD,196,19.6,78.4,65,0.1780821917808219,20.846575342465755
B0BMGB2TPR,58,5.800000000000001,23.2,90,0.2465753424657534,7.5260273972602745
B08MC57J31,144,14.4,57.6,81,0.2219178082191781,15.953424657534248
B08HVL8QN3,119,11.9,47.6,79,0.21643835616438356,13.415068493150685
B0746JGVDS,53,5.300000000000001,21.2,77,0.21095890410958903,6.776712328767124
B08VFF6JQ8,108,10.8,43.2,90,0.2465753424657534,12.526027397260275
B09NVPSCQT,158,15.8,63.2,90,0.2465753424657534,17.526027397260275
B09YV4RG4D,68,6.800000000000001,27.2,354,0.9698630136986301,13.589041095890412
B09YV4RG4D,68,6.800000000000001,27.2,354,0.9698630136986301,13.589041095890412
B09TWHTBKQ,133,13.3,53.2,103,0.2821917808219178,15.275342465753425
B08L5HMJVW,176,17.6,70.4,109,0.29863013698630136,19.69041095890411
B0B4F2XCK3,122,12.2,48.8,105,0.2876712328767123,14.213698630136985
B0BF54972T,196,19.6,78.4,97,0.26575342465753427,21.460273972602742
B09YV4MW2T,170,17.0,68.0,348,0.9534246575342465,23.673972602739724
B09YV4MW2T,170,17.0,68.0,348,0.9534246575342465,23.673972602739724
B09TWH8YHM,61,6.1000000000000005,24.4,125,0.3424657534246575,8.497260273972604
B07WGMMQGP,194,19.4,77.6,114,0.31232876712328766,21.586301369863012
B0BF563HB4,115,11.5,46.0,63,0.1726027397260274,12.708219178082192
B07JW9H4J1,53,5.300000000000001,21.2,382,1.0465753424657533,12.626027397260273
B07JW9H4J1,53,5.300000000000001,21.2,382,1.0465753424657533,12.626027397260273
B09GFPVD9Y,195,19.5,78.0,81,0.2219178082191781,21.053424657534247
B09GFLXVH9,131,13.1,52.4,97,0.26575342465753427,14.960273972602739
B0BF4YBLPX,99,9.9,39.6,78,0.2136986301369863,11.395890410958904
B09XB7DPW1,82,8.200000000000001,32.8,84,0.23013698630136986,9.81095890410959
B07PFJ5W31,171,17.1,68.4,133,0.3643835616438356,19.650684931506852
B0B3N7LR6K,175,17.5,70.0,298,0.8164383561643835,23.215068493150685
B0B3N7LR6K,175,17.5,70.0,298,0.8164383561643835,23.215068493150685
B09ZQK9X8G,153,15.3,61.2,68,0.1863013698630137,16.604109589041098
B098NS6PVG,146,14.6,58.4,358,0.9808219178082191,21.465753424657535
B098NS6PVG,146,14.6,58.4,358,0.9808219178082191,21.465753424657535
B07WJV6P1R,134,13.4,53.6,90,0.2465753424657534,15.126027397260273
B096MSW6CT,157,15.7,62.8,356,0.9753424657534246,22.527397260273972
B096MSW6CT,157,15.7,62.8,356,0.9753424657534246,22.527397260273972
B0BF54LXW6,123,12.3,49.2,91,0.2493150684931507,14.045205479452056
B09XB7SRQ5,71,7.1000000000000005,28.4,79,0.21643835616438356,8.615068493150686
B09FFK1PQG,54,5.4,21.6,96,0.26301369863013696,7.241095890410959
B09RMQYHLH,164,16.400000000000002,65.6,74,0.20273972602739726,17.819178082191783
B08ZN4B121,109,10.9,43.6,93,0.2547945205479452,12.683561643835617
B0B3RSDSZ3,136,13.6,54.4,102,0.27945205479452057,15.556164383561644
B08VB34KJ1,190,19.0,76.0,110,0.3013698630136986,21.10958904109589
B09T39K9YL,54,5.4,21.6,80,0.2191780821917808,6.934246575342466
B08VF8V79P,66,6.6000000000000005,26.4,78,0.2136986301369863,8.095890410958905
B08G28Z33M,72,7.2,28.8,64,0.17534246575342466,8.427397260273972
B09PNKXSKF,54,5.4,21.6,83,0.2273972602739726,6.991780821917809
B0B5DDJNH4,154,15.4,61.6,106,0.29041095890410956,17.432876712328767
B08HDJ86NZ,102,10.2,40.8,388,1.063013698630137,17.64109589041096
B08HDJ86NZ,102,10.2,40.8,388,1.063013698630137,17.64109589041096
B07WDKLDRX,78,7.800000000000001,31.2,109,0.29863013698630136,9.89041095890411
B09MQSCJQ1,157,15.7,62.8,340,0.9315068493150684,22.220547945205478
B09MQSCJQ1,157,15.7,62.8,340,0.9315068493150684,22.220547945205478
B094YFFSMY,170,17.0,68.0,88,0.2410958904109589,18.687671232876713
B09MT84WV5,132,13.2,52.8,412,1.1287671232876713,21.101369863013698
B09MT84WV5,132,13.2,52.8,412,1.1287671232876713,21.101369863013698
B08VS3YLRK,118,11.8,47.2,99,0.27123287671232876,13.698630136986303
B0B4F3QNDM,131,13.1,52.4,89,0.24383561643835616,14.806849315068494
B07GQD4K6L,111,11.1,44.4,97,0.26575342465753427,12.960273972602739
B07WDKLRM4,57,5.7,22.8,108,0.2958904109589041,7.771232876712329
B0BP18W8TM,116,11.6,46.4,87,0.23835616438356164,13.26849315068493
B08Y1TFSP6,110,11.0,44.0,356,0.9753424657534246,17.827397260273973
B08Y1TFSP6,110,11.0,44.0,356,0.9753424657534246,17.827397260273973
B07GXHC691,172,17.2,68.8,77,0.21095890410958903,18.676712328767124
B08FN6WGDQ,105,10.5,42.0,82,0.22465753424657534,12.072602739726028
B0B3D39RKV,166,16.6,66.4,85,0.2328767123287671,18.23013698630137
B085HY1DGR,171,17.1,68.4,57,0.15616438356164383,18.19315068493151
B08D75R3Z1,134,13.4,53.6,86,0.2356164383561644,15.04931506849315
B0B4F2TTTS,194,19.4,77.6,97,0.26575342465753427,21.26027397260274
B09WRMNJ9G,54,5.4,21.6,128,0.3506849315068493,7.854794520547946
B0B14MR9L1,197,19.700000000000003,78.8,81,0.2219178082191781,21.25342465753425
B09ZPL5VYM,154,15.4,61.6,81,0.2219178082191781,16.953424657534246
B0993BB11X,72,7.2,28.8,92,0.25205479452054796,8.964383561643835
B09V2PZDX8,111,11.1,44.4,65,0.1780821917808219,12.346575342465753
B085W8CFLH,95,9.5,38.0,83,0.2273972602739726,11.091780821917808
B09MT6XSFW,54,5.4,21.6,62,0.16986301369863013,6.589041095890411
B07RD611Z8,103,10.3,41.2,84,0.23013698630136986,11.91095890410959
B08WRWPM22,158,15.8,63.2,382,1.0465753424657533,23.126027397260273
B08WRWPM22,158,15.8,63.2,382,1.0465753424657533,23.126027397260273
B0B4F52B5X,73,7.300000000000001,29.2,85,0.2328767123287671,8.93013698630137
B096VF5YYF,122,12.2,48.8,354,0.9698630136986301,18.98904109589041
B096VF5YYF,122,12.2,48.8,354,0.9698630136986301,18.98904109589041
B0B5D39BCD,93,9.3,37.2,81,0.2219178082191781,10.853424657534248
B09XBJ1CTN,156,15.6,62.4,91,0.2493150684931507,17.345205479452055
B0B4F5L738,151,15.1,60.4,105,0.2876712328767123,17.113698630136987
B08MTCKDYN,163,16.3,65.2,86,0.2356164383561644,17.949315068493153
B09QS8V5N8,112,11.2,44.8,98,0.2684931506849315,13.079452054794519
B09T2WRLJJ,91,9.1,36.4,81,0.2219178082191781,10.653424657534247
B089WB69Y1,60,6.0,24.0,101,0.27671232876712326,7.936986301369863
B0116MIKKC,184,18.4,73.6,79,0.21643835616438356,19.915068493150685
B09P858DK8,86,8.6,34.4,97,0.26575342465753427,10.460273972602739
B07DJLFMPS,115,11.5,46.0,92,0.25205479452054796,13.264383561643836
B07WHQWXL7,185,18.5,74.0,117,0.32054794520547947,20.743835616438357
B07WDK3ZS6,73,7.300000000000001,29.2,94,0.25753424657534246,9.102739726027398
B09T2S8X9C,145,14.5,58.0,83,0.2273972602739726,16.09178082191781
B07S9S86BF,99,9.9,39.6,122,0.33424657534246577,12.23972602739726
B07N8RQ6W7,116,11.6,46.4,102,0.27945205479452057,13.556164383561644
B09FKDH6FS,187,18.7,74.8,88,0.2410958904109589,20.387671232876713
B08HVJCW95,109,10.9,43.6,87,0.23835616438356164,12.568493150684931
B09YDFDVNS,61,6.1000000000000005,24.4,113,0.3095890410958904,8.267123287671232
B07WGPKTS4,146,14.6,58.4,125,0.3424657534246575,16.997260273972604
B0789LZTCJ,69,6.9,27.6,392,1.073972602739726,14.417808219178083
B0789LZTCJ,69,6.9,27.6,392,1.073972602739726,14.417808219178083
B09MZCQYHZ,159,15.9,63.6,91,0.2493150684931507,17.645205479452056
B0B4F2ZWL3,90,9.0,36.0,99,0.27123287671232876,10.898630136986302
B08VB2CMR3,130,13.0,52.0,55,0.1506849315068493,14.054794520547945
B095RTJH1M,148,14.8,59.2,93,0.2547945205479452,16.583561643835615
B097R25DP7,150,15.0,60.0,370,1.0136986301369864,22.095890410958905
B097R25DP7,150,15.0,60.0,370,1.0136986301369864,22.095890410958905
B09YDFKJF8,96,9.6,38.4,96,0.26301369863013696,11.441095890410958
B07WDK3ZS2,130,13.0,52.0,98,0.2684931506849315,14.87945205479452
B08RZ5K9YH,181,18.1,72.4,70,0.1917808219178082,19.44246575342466
B08444S68L,109,10.9,43.6,126,0.3452054794520548,13.316438356164383
B07WHQBZLS,140,14.0,56.0,108,0.2958904109589041,16.07123287671233
B085DTN6R2,75,7.5,30.0,348,0.9534246575342465,14.173972602739726
B085DTN6R2,75,7.5,30.0,348,0.9534246575342465,14.173972602739726
B09JS562TP,132,13.2,52.8,100,0.273972602739726,15.117808219178082
B09V17S2BG,77,7.7,30.8,114,0.31232876712328766,9.886301369863014
B0B5CGTBKV,158,15.8,63.2,88,0.2410958904109589,17.487671232876714
B0B23LW7NV,176,17.6,70.4,88,0.2410958904109589,19.287671232876715
B09KGV7WSV,160,16.0,64.0,98,0.2684931506849315,17.87945205479452
B0971DWFDT,149,14.9,59.6,126,0.3452054794520548,17.316438356164383
B0BNV7JM5Y,128,12.8,51.2,69,0.18904109589041096,14.123287671232877
B0B53QFZPY,86,8.6,34.4,140,0.3835616438356164,11.284931506849315
B07WJWRNVK,85,8.5,34.0,76,0.20821917808219179,9.957534246575342
B01F25X6RQ,103,10.3,41.2,76,0.20821917808219179,11.757534246575343
B0B244R4KB,174,17.400000000000002,69.6,99,0.27123287671232876,19.298630136986304
B0BMGG6NKT,94,9.4,37.6,103,0.2821917808219178,11.375342465753425
B092JHPL72,147,14.7,58.8,100,0.273972602739726,16.61780821917808
B09GFM8CGS,184,18.4,73.6,98,0.2684931506849315,20.27945205479452
B0B3MWYCHQ,104,10.4,41.6,370,1.0136986301369864,17.495890410958907
B0B3MWYCHQ,104,10.4,41.6,370,1.0136986301369864,17.495890410958907
B09J2MM5C6,60,6.0,24.0,95,0.2602739726027397,7.821917808219178
B07Q4QV1DL,142,14.2,56.8,81,0.2219178082191781,15.753424657534246
B0B56YRBNT,82,8.200000000000001,32.8,131,0.3589041095890411,10.712328767123289
B09NHVCHS9,162,16.2,64.8,346,0.947945205479452,22.835616438356162
B09NHVCHS9,162,16.2,64.8,346,0.947945205479452,22.835616438356162
B01DF26V7A,178,17.8,71.2,75,0.2054794520547945,19.23835616438356
B08K4PSZ3V,164,16.400000000000002,65.6,77,0.21095890410958903,17.876712328767127
B0B4F1YC3J,172,17.2,68.8,111,0.3041095890410959,19.32876712328767
B08K4RDQ71,114,11.4,45.6,73,0.2,12.8
B085CZ3SR1,197,19.700000000000003,78.8,95,0.2602739726027397,21.521917808219182
B09YV3K34W,94,9.4,37.6,83,0.2273972602739726,10.991780821917809
B09Z6WH2N1,94,9.4,37.6,71,0.19452054794520549,10.76164383561644
B09NL4DJ2Z,196,19.6,78.4,90,0.2465753424657534,21.326027397260276
B0BGSV43WY,59,5.9,23.6,85,0.2328767123287671,7.53013698630137
B0926V9CTV,163,16.3,65.2,73,0.2,17.7
B07WGPKMP5,89,8.9,35.6,119,0.32602739726027397,11.182191780821919
B0BBFJ9M3X,183,18.3,73.2,88,0.2410958904109589,19.987671232876714
B09PLFJ7ZW,165,16.5,66.0,101,0.27671232876712326,18.436986301369863
B0B53NXFFR,89,8.9,35.6,115,0.3150684931506849,11.105479452054794
B07GNC2592,108,10.8,43.2,112,0.30684931506849317,12.947945205479453
B09TP5KBN7,114,11.4,45.6,95,0.2602739726027397,13.221917808219178
B0949SBKMP,178,17.8,71.2,99,0.27123287671232876,19.698630136986303
B09V175NP7,52,5.2,20.8,92,0.25205479452054796,6.964383561643836
B07WHSJXLF,193,19.3,77.2,105,0.2876712328767123,21.313698630136987
B0BD3T6Z1D,177,17.7,70.8,93,0.2547945205479452,19.483561643835614
B09LHYZ3GJ,133,13.3,53.2,89,0.24383561643835616,15.006849315068493
B07WFPMGQQ,125,12.5,50.0,96,0.26301369863013696,14.341095890410958
B09QS9X9L8,82,8.200000000000001,32.8,64,0.17534246575342466,9.427397260273974
B0B6BLTGTT,109,10.9,43.6,105,0.2876712328767123,12.913698630136986
B084DTMYWK,155,15.5,62.0,122,0.33424657534246577,17.839726027397262
B0B53QLB9H,91,9.1,36.4,96,0.26301369863013696,10.941095890410958
B0BDYW3RN3,180,18.0,72.0,74,0.20273972602739726,19.41917808219178
B0B3RS9DNF,164,16.400000000000002,65.6,106,0.29041095890410956,18.43287671232877
B09QS9X16F,141,14.1,56.4,89,0.24383561643835616,15.806849315068494
B08HV25BBQ,70,7.0,28.0,72,0.19726027397260273,8.38082191780822
B09LJ116B5,67,6.7,26.8,102,0.27945205479452057,8.656164383561645
B0BMVWKZ8G,56,5.6000000000000005,22.4,72,0.19726027397260273,6.980821917808219
B0BD92GDQH,86,8.6,34.4,106,0.29041095890410956,10.632876712328766
B08Y1SJVV5,141,14.1,56.4,396,1.084931506849315,21.694520547945203
B08Y1SJVV5,141,14.1,56.4,396,1.084931506849315,21.694520547945203
B0B5GF6DQD,51,5.1000000000000005,20.4,127,0.34794520547945207,7.535616438356165
B09JS94MBV,132,13.2,52.8,133,0.3643835616438356,15.750684931506848
B09YV463SW,139,13.9,55.6,94,0.25753424657534246,15.702739726027398
B09NL4DCXK,168,16.8,67.2,77,0.21095890410958903,18.276712328767125
B0B8CHJLWJ,164,16.400000000000002,65.6,113,0.3095890410958904,18.567123287671237
B0B8ZWNR5T,155,15.5,62.0,82,0.22465753424657534,17.072602739726026
B0BBFJLP21,88,8.8,35.2,85,0.2328767123287671,10.43013698630137
B01F262EUU,82,8.200000000000001,32.8,112,0.30684931506849317,10.347945205479453
B09VZBGL1N,63,6.300000000000001,25.2,81,0.2219178082191781,7.853424657534247
B0BNVBJW2S,105,10.5,42.0,81,0.2219178082191781,12.053424657534247
B0B2DJ5RVQ,105,10.5,42.0,75,0.2054794520547945,11.938356164383562
B096TWZRJC,51,5.1000000000000005,20.4,73,0.2,6.500000000000001
B09GP6FBZT,198,19.8,79.2,83,0.2273972602739726,21.39178082191781
B0B3DV7S9B,69,6.9,27.6,97,0.26575342465753427,8.76027397260274
B09MKP344P,151,15.1,60.4,85,0.2328767123287671,16.730136986301368
B08JW1GVS7,166,16.6,66.4,61,0.16712328767123288,17.769863013698632
B09LHZSMRR,191,19.1,76.4,99,0.27123287671232876,20.998630136986304
B0B5V47VK4,61,6.1000000000000005,24.4,112,0.30684931506849317,8.247945205479454
B08H21B6V7,192,19.200000000000003,76.8,81,0.2219178082191781,20.75342465753425
B09BNXQ6BR,183,18.3,73.2,92,0.25205479452054796,20.064383561643837
B01FSYQ2A4,142,14.2,56.8,338,0.9260273972602739,20.682191780821917
B01FSYQ2A4,142,14.2,56.8,338,0.9260273972602739,20.682191780821917
B08L5FM4JC,181,18.1,72.4,75,0.2054794520547945,19.538356164383565
B0B54Y2SNX,188,18.8,75.2,103,0.2821917808219178,20.775342465753425
B08BQ947H3,122,12.2,48.8,95,0.2602739726027397,14.021917808219177
B0B7DHSKS7,129,12.9,51.6,106,0.29041095890410956,14.932876712328767
B09SJ1FTYV,162,16.2,64.8,86,0.2356164383561644,17.84931506849315
B09XJ5LD6L,137,13.7,54.8,100,0.273972602739726,15.617808219178082
B07WHS7MZ1,148,14.8,59.2,79,0.21643835616438356,16.315068493150687
B0BBVKRP7B,75,7.5,30.0,125,0.3424657534246575,9.897260273972602
B09NY7W8YD,133,13.3,53.2,87,0.23835616438356164,14.968493150684932
B0BMM7R92G,93,9.3,37.2,97,0.26575342465753427,11.160273972602742
B08M66K48D,56,5.6000000000000005,22.4,89,0.24383561643835616,7.306849315068494
B09RFB2SJQ,67,6.7,26.8,79,0.21643835616438356,8.215068493150685
B0B82YGCF6,97,9.7,38.8,81,0.2219178082191781,11.253424657534246
B08HF4W2CT,141,14.1,56.4,105,0.2876712328767123,16.113698630136987
B08BCKN299,184,18.4,73.6,68,0.1863013698630137,19.704109589041096
B0B2X35B1K,96,9.6,38.4,102,0.27945205479452057,11.556164383561644
B09QS9CWLV,85,8.5,34.0,97,0.26575342465753427,10.36027397260274
B0B1NX6JTN,118,11.8,47.2,83,0.2273972602739726,13.39178082191781
B078G6ZF5Z,99,9.9,39.6,332,0.9095890410958904,16.267123287671232
B078G6ZF5Z,99,9.9,39.6,332,0.9095890410958904,16.267123287671232
B0BBW521YC,185,18.5,74.0,108,0.2958904109589041,20.57123287671233
B09HSKYMB3,50,5.0,20.0,79,0.21643835616438356,6.515068493150685
B09YV42QHZ,50,5.0,20.0,70,0.1917808219178082,6.342465753424658
B09BF8JBWX,106,10.6,42.4,88,0.2410958904109589,12.287671232876711
B0B5YBGCKD,197,19.700000000000003,78.8,112,0.30684931506849317,21.847945205479455
B01GGKYKQM,77,7.7,30.8,402,1.1013698630136985,15.40958904109589
B01GGKYKQM,77,7.7,30.8,402,1.1013698630136985,15.40958904109589
B09MY4W73Q,115,11.5,46.0,99,0.27123287671232876,13.398630136986302
B09T37CKQ5,89,8.9,35.6,81,0.2219178082191781,10.453424657534248
B09GFPN6TP,71,7.1000000000000005,28.4,86,0.2356164383561644,8.749315068493152
B0B298D54H,99,9.9,39.6,96,0.26301369863013696,11.741095890410959
B08VB57558,121,12.1,48.4,93,0.2547945205479452,13.883561643835616
B0B9BXKBC7,99,9.9,39.6,90,0.2465753424657534,11.626027397260273
B09NY6TRXG,78,7.800000000000001,31.2,118,0.3232876712328767,10.063013698630137
B09NVPJ3P4,176,17.6,70.4,108,0.2958904109589041,19.67123287671233
B0B3NDPCS9,53,5.300000000000001,21.2,87,0.23835616438356164,6.968493150684932
B09VGKFM7Y,167,16.7,66.8,81,0.2219178082191781,18.253424657534246
B07QCWY5XV,97,9.7,38.8,100,0.273972602739726,11.617808219178082
B098QXR9X2,154,15.4,61.6,103,0.2821917808219178,17.375342465753427
B07H1S7XW8,168,16.8,67.2,101,0.27671232876712326,18.736986301369864
B0BNXFDTZ2,166,16.6,66.4,75,0.2054794520547945,18.038356164383565
B088ZFJY82,142,14.2,56.8,76,0.20821917808219179,15.657534246575342
B0B4F4QZ1H,86,8.6,34.4,102,0.27945205479452057,10.556164383561644
B09BCNQ9R2,77,7.7,30.8,109,0.29863013698630136,9.79041095890411
B0B9BD2YL4,136,13.6,54.4,74,0.20273972602739726,15.01917808219178
B071Z8M4KX,156,15.6,62.4,86,0.2356164383561644,17.24931506849315
B09N3ZNHTY,189,18.9,75.6,84,0.23013698630136986,20.510958904109586
B0B3RRWSF6,108,10.8,43.2,362,0.9917808219178083,17.74246575342466
B0B3RRWSF6,108,10.8,43.2,362,0.9917808219178083,17.74246575342466
B0B5B6PQCT,149,14.9,59.6,362,0.9917808219178083,21.84246575342466
B0B5B6PQCT,149,14.9,59.6,362,0.9917808219178083,21.84246575342466
B005FYNT3G,148,14.8,59.2,113,0.3095890410958904,16.967123287671235
B01J0XWYKQ,112,11.2,44.8,72,0.19726027397260273,12.580821917808219
B09CTRPSJR,172,17.2,68.8,89,0.24383561643835616,18.90684931506849
B08JQN8DGZ,108,10.8,43.2,107,0.29315068493150687,12.852054794520548
B0B72BSW7K,177,17.7,70.8,82,0.22465753424657534,19.272602739726025
B0BDRVFDKP,127,12.7,50.8,372,1.0191780821917809,19.834246575342465
B0BDRVFDKP,127,12.7,50.8,372,1.0191780821917809,19.834246575342465
B0B5LVS732,109,10.9,43.6,362,0.9917808219178083,17.84246575342466
B0B5LVS732,109,10.9,43.6,362,0.9917808219178083,17.84246575342466
B08TV2P1N8,127,12.7,50.8,124,0.33972602739726027,15.07808219178082
B07XCM6T4N,130,13.0,52.0,87,0.23835616438356164,14.668493150684931
B07T5DKR5D,181,18.1,72.4,91,0.2493150684931507,19.845205479452055
B01DEWVZ2C,174,17.400000000000002,69.6,362,0.9917808219178083,24.342465753424662
B01DEWVZ2C,174,17.400000000000002,69.6,362,0.9917808219178083,24.342465753424662
B07PR1CL3S,174,17.400000000000002,69.6,85,0.2328767123287671,19.030136986301372
B09V12K8NT,176,17.6,70.4,340,0.9315068493150684,24.12054794520548
B09V12K8NT,176,17.6,70.4,340,0.9315068493150684,24.12054794520548
B07JQKQ91F,162,16.2,64.8,75,0.2054794520547945,17.63835616438356
B08W56G1K9,92,9.2,36.8,70,0.1917808219178082,10.542465753424658
B07WG8PDCW,84,8.4,33.6,300,0.821917808219178,14.153424657534247
B07WG8PDCW,84,8.4,33.6,300,0.821917808219178,14.153424657534247
B01L8ZNWN2,81,8.1,32.4,82,0.22465753424657534,9.672602739726027
B009VCGPSY,195,19.5,78.0,85,0.2328767123287671,21.13013698630137
B0B296NTFV,89,8.9,35.6,68,0.1863013698630137,10.204109589041096
B09YV4RG4D,82,8.200000000000001,32.8,354,0.9698630136986301,14.989041095890412
B09YV4RG4D,82,8.200000000000001,32.8,354,0.9698630136986301,14.989041095890412
B07TCN5VR9,137,13.7,54.8,102,0.27945205479452057,15.656164383561643
B00ZYLMQH0,105,10.5,42.0,65,0.1780821917808219,11.746575342465754
B09YV4MW2T,140,14.0,56.0,348,0.9534246575342465,20.673972602739724
B09YV4MW2T,140,14.0,56.0,348,0.9534246575342465,20.673972602739724
B01HJI0FS2,122,12.2,48.8,91,0.2493150684931507,13.945205479452055
B076B8G5D8,167,16.7,66.8,114,0.31232876712328766,18.886301369863013
B014SZO90Y,94,9.4,37.6,113,0.3095890410958904,11.567123287671233
B07KCMR8D6,180,18.0,72.0,76,0.20821917808219179,19.457534246575342
B00N1U9AJS,157,15.7,62.8,97,0.26575342465753427,17.56027397260274
B07KY3FNQP,161,16.1,64.4,114,0.31232876712328766,18.286301369863015
B0B3N7LR6K,199,19.9,79.6,298,0.8164383561643835,25.615068493150684
B0B3N7LR6K,199,19.9,79.6,298,0.8164383561643835,25.615068493150684
B07QZ3CZ48,121,12.1,48.4,67,0.18356164383561643,13.384931506849314
B09T3H12GV,165,16.5,66.0,79,0.21643835616438356,18.015068493150686
B08ZJDWTJ1,193,19.3,77.2,74,0.20273972602739726,20.71917808219178
B08FTFXNNB,136,13.6,54.4,87,0.23835616438356164,15.26849315068493
B08YDFX7Y1,191,19.1,76.4,100,0.273972602739726,21.017808219178082
B087FXHB6J,157,15.7,62.8,86,0.2356164383561644,17.34931506849315
B07N42JB4S,136,13.6,54.4,128,0.3506849315068493,16.054794520547944
B0B31BYXQQ,125,12.5,50.0,93,0.2547945205479452,14.283561643835617
B07SLMR1K6,163,16.3,65.2,105,0.2876712328767123,18.313698630136987
B09MQSCJQ1,60,6.0,24.0,340,0.9315068493150684,12.520547945205479
B09MQSCJQ1,60,6.0,24.0,340,0.9315068493150684,12.520547945205479
B092X94QNQ,144,14.4,57.6,91,0.2493150684931507,16.145205479452056
B0846D5CBP,162,16.2,64.8,66,0.18082191780821918,17.465753424657535
B00KXULGJQ,175,17.5,70.0,99,0.27123287671232876,19.398630136986302
B08H9Z3XQW,199,19.9,79.6,68,0.1863013698630137,21.204109589041096
B08LPJZSSW,73,7.300000000000001,29.2,88,0.2410958904109589,8.987671232876714
B09MT84WV5,156,15.6,62.4,412,1.1287671232876713,23.5013698630137
B09MT84WV5,156,15.6,62.4,412,1.1287671232876713,23.5013698630137
B08CYPB15D,75,7.5,30.0,97,0.26575342465753427,9.36027397260274
B00MFPCY5C,61,6.1000000000000005,24.4,92,0.25205479452054796,7.8643835616438365
B07JJFSG2B,149,14.9,59.6,90,0.2465753424657534,16.626027397260273
B09NR6G588,120,12.0,48.0,95,0.2602739726027397,13.821917808219178
B07JPX9CR7,112,11.2,44.8,84,0.23013698630136986,12.810958904109588
B08D11DZ2W,56,5.6000000000000005,22.4,86,0.2356164383561644,7.249315068493152
B07Q7561HD,86,8.6,34.4,97,0.26575342465753427,10.460273972602739
B0819HZPXL,72,7.2,28.8,83,0.2273972602739726,8.791780821917808
B00LXTFMRS,171,17.1,68.4,80,0.2191780821917808,18.634246575342466
B0B9LDCX89,78,7.800000000000001,31.2,58,0.1589041095890411,8.912328767123288
B0765B3TH7,160,16.0,64.0,69,0.18904109589041096,17.323287671232876
B0B1F6GQPS,173,17.3,69.2,107,0.29315068493150687,19.352054794520548
B07LG59NPV,190,19.0,76.0,83,0.2273972602739726,20.59178082191781
B00AXHBBXU,88,8.8,35.2,83,0.2273972602739726,10.39178082191781
B08MCD9JFY,54,5.4,21.6,64,0.17534246575342466,6.627397260273973
B083RCTXLL,83,8.3,33.2,85,0.2328767123287671,9.93013698630137
B08HLZ28QC,157,15.7,62.8,89,0.24383561643835616,17.40684931506849
B07GVR9TG7,197,19.700000000000003,78.8,79,0.21643835616438356,21.21506849315069
B0856HY85J,88,8.8,35.2,88,0.2410958904109589,10.487671232876714
B07CD2BN46,107,10.7,42.8,95,0.2602739726027397,12.521917808219177
B07PLHTTB4,93,9.3,37.2,100,0.273972602739726,11.217808219178083
B077T3BG5L,166,16.6,66.4,97,0.26575342465753427,18.460273972602742
B079Y6JZC8,175,17.5,70.0,58,0.1589041095890411,18.612328767123287
B0856HNMR7,64,6.4,25.6,80,0.2191780821917808,7.934246575342466
B0B12K5BPM,94,9.4,37.6,129,0.35342465753424657,11.873972602739727
B00LVMTA2A,154,15.4,61.6,95,0.2602739726027397,17.221917808219178
B07TR5HSR9,68,6.800000000000001,27.2,118,0.3232876712328767,9.063013698630137
B0819ZZK5K,127,12.7,50.8,92,0.25205479452054796,14.464383561643835
B096VF5YYF,149,14.9,59.6,354,0.9698630136986301,21.68904109589041
B096VF5YYF,149,14.9,59.6,354,0.9698630136986301,21.68904109589041
B08QJJCY2Q,94,9.4,37.6,71,0.19452054794520549,10.76164383561644
B07L5L4GTB,136,13.6,54.4,88,0.2410958904109589,15.287671232876711
B07L8KNP5F,125,12.5,50.0,89,0.24383561643835616,14.206849315068492
B08CF4SCNP,79,7.9,31.6,74,0.20273972602739726,9.319178082191781
B09XX51X2G,195,19.5,78.0,101,0.27671232876712326,21.436986301369863
B01M72LILF,84,8.4,33.6,79,0.21643835616438356,9.915068493150685
B07KSMBL2H,65,6.5,26.0,364,0.9972602739726028,13.48082191780822
B07KSMBL2H,65,6.5,26.0,364,0.9972602739726028,13.48082191780822
B00LZLQ624,110,11.0,44.0,91,0.2493150684931507,12.745205479452055
B09GB5B4BK,71,7.1000000000000005,28.4,96,0.26301369863013696,8.94109589041096
B015ZXUDD0,73,7.300000000000001,29.2,124,0.33972602739726027,9.678082191780822
B09PL79D2X,78,7.800000000000001,31.2,89,0.24383561643835616,9.506849315068493
B098K3H92Z,94,9.4,37.6,102,0.27945205479452057,11.356164383561644
B084PJSSQ1,118,11.8,47.2,88,0.2410958904109589,13.487671232876714
B097R25DP7,137,13.7,54.8,370,1.0136986301369864,20.795890410958904
B097R25DP7,137,13.7,54.8,370,1.0136986301369864,20.795890410958904
B097C564GC,90,9.0,36.0,106,0.29041095890410956,11.032876712328767
B08CYNJ5KY,191,19.1,76.4,84,0.23013698630136986,20.71095890410959
B00Y4ORQ46,147,14.7,58.8,64,0.17534246575342466,15.927397260273972
B074CWD7MS,190,19.0,76.0,101,0.27671232876712326,20.936986301369863
B00A0VCJPI,155,15.5,62.0,103,0.2821917808219178,17.475342465753425
B00UGZWM2I,150,15.0,60.0,80,0.2191780821917808,16.534246575342465
B00R1P3B4O,50,5.0,20.0,96,0.26301369863013696,6.8410958904109584
B0B3MWYCHQ,81,8.1,32.4,370,1.0136986301369864,15.195890410958905
B0B3MWYCHQ,81,8.1,32.4,370,1.0136986301369864,15.195890410958905
B09DG9VNWB,125,12.5,50.0,72,0.19726027397260273,13.88082191780822
B09Y5MP7C4,178,17.8,71.2,115,0.3150684931506849,20.005479452054796
B01DJJVFPC,66,6.6000000000000005,26.4,64,0.17534246575342466,7.827397260273973
B07DFYJRQV,58,5.800000000000001,23.2,86,0.2356164383561644,7.449315068493151
B08L879JSN,191,19.1,76.4,80,0.2191780821917808,20.634246575342466
B08TDJNM3G,87,8.700000000000001,34.8,82,0.22465753424657534,10.272602739726029
B06XSK3XL6,128,12.8,51.2,110,0.3013698630136986,14.909589041095892
B07YNTJ8ZM,162,16.2,64.8,73,0.2,17.599999999999998
B07KR5P3YD,89,8.9,35.6,110,0.3013698630136986,11.009589041095891
B08FB2LNSZ,163,16.3,65.2,90,0.2465753424657534,18.026027397260275
B01IBRHE3E,131,13.1,52.4,99,0.27123287671232876,14.9986301369863
B01N6LU1VF,82,8.200000000000001,32.8,104,0.28493150684931506,10.194520547945206
B07XLML2YS,115,11.5,46.0,102,0.27945205479452057,13.456164383561644
B086WMSCN3,97,9.7,38.8,88,0.2410958904109589,11.387671232876713
B003B00484,187,18.7,74.8,92,0.25205479452054796,20.464383561643835
B003L62T7W,109,10.9,43.6,75,0.2054794520547945,12.338356164383562
B09P18XVW6,149,14.9,59.6,78,0.2136986301369863,16.395890410958906
B00LZLPYHW,58,5.800000000000001,23.2,91,0.2493150684931507,7.545205479452056
B00NNQMYNE,198,19.8,79.2,95,0.2602739726027397,21.62191780821918
B0B217Z5VK,157,15.7,62.8,104,0.28493150684931506,17.694520547945206
B07B88KQZ8,127,12.7,50.8,105,0.2876712328767123,14.713698630136985
B07Z3K96FR,111,11.1,44.4,68,0.1863013698630137,12.404109589041095
B0756CLQWL,55,5.5,22.0,94,0.25753424657534246,7.302739726027397
B004IO5BMQ,91,9.1,36.4,40,0.1095890410958904,9.867123287671232
B01HGCLUH6,174,17.400000000000002,69.6,89,0.24383561643835616,19.106849315068494
B01N4EV2TL,112,11.2,44.8,89,0.24383561643835616,12.906849315068492
B08MZQBFLN,66,6.6000000000000005,26.4,104,0.28493150684931506,8.594520547945207
B0752LL57V,181,18.1,72.4,73,0.2,19.5
B09Z28BQZT,110,11.0,44.0,74,0.20273972602739726,12.419178082191781
B094DQWV9B,124,12.4,49.6,120,0.3287671232876712,14.7013698630137
B0BBMPH39N,129,12.9,51.6,104,0.28493150684931506,14.894520547945206
B097JQ1J5G,102,10.2,40.8,118,0.3232876712328767,12.463013698630135
B07YY1BY5B,118,11.8,47.2,64,0.17534246575342466,13.027397260273974
B08VRMK55F,135,13.5,54.0,73,0.2,14.9
B08CHZ3ZQ7,198,19.8,79.2,129,0.35342465753424657,22.273972602739725
B08SCCG9D4,175,17.5,70.0,108,0.2958904109589041,19.57123287671233
B0972BQ2RS,125,12.5,50.0,104,0.28493150684931506,14.494520547945205
B00ZRBWPA0,192,19.200000000000003,76.8,80,0.2191780821917808,20.734246575342468
B0B2DD66GS,173,17.3,69.2,85,0.2328767123287671,18.93013698630137
B09M869Z5V,155,15.5,62.0,103,0.2821917808219178,17.475342465753425
B07W6VWZ8C,51,5.1000000000000005,20.4,98,0.2684931506849315,6.979452054794521
B07Z1X6VFC,113,11.3,45.2,83,0.2273972602739726,12.89178082191781
B07YL54NVJ,104,10.4,41.6,81,0.2219178082191781,11.953424657534248
B0759QMF85,134,13.4,53.6,110,0.3013698630136986,15.509589041095891
B00LM4X0KU,154,15.4,61.6,109,0.29863013698630136,17.49041095890411
B08PFSZ7FH,183,18.3,73.2,101,0.27671232876712326,20.236986301369864
B012MQS060,100,10.0,40.0,80,0.2191780821917808,11.534246575342465
B01MF8MB65,113,11.3,45.2,87,0.23835616438356164,12.968493150684932
B00LHZWD0C,95,9.5,38.0,104,0.28493150684931506,11.494520547945205
B08QDPB1SL,114,11.4,45.6,71,0.19452054794520549,12.76164383561644
B07BRKK9JQ,83,8.3,33.2,102,0.27945205479452057,10.256164383561645
B01EZ0X3L8,67,6.7,26.8,96,0.26301369863013696,8.54109589041096
B00LM4W1N2,113,11.3,45.2,91,0.2493150684931507,13.045205479452056
B08YD264ZS,127,12.7,50.8,81,0.2219178082191781,14.253424657534246
B00GZLB57U,139,13.9,55.6,73,0.2,15.3
B07V82W5CN,176,17.6,70.4,95,0.2602739726027397,19.42191780821918
B08HD7JQHX,130,13.0,52.0,84,0.23013698630136986,14.610958904109589
B0B31FR4Y2,61,6.1000000000000005,24.4,91,0.2493150684931507,7.845205479452055
B09Y14JLP3,186,18.6,74.4,59,0.16164383561643836,19.73150684931507
B09ZHCJDP1,150,15.0,60.0,99,0.27123287671232876,16.898630136986302
B08C4Z69LN,123,12.3,49.2,114,0.31232876712328766,14.486301369863014
B016XVRKZM,141,14.1,56.4,72,0.19726027397260273,15.48082191780822
B00LHZW3XY,98,9.8,39.2,106,0.29041095890410956,11.832876712328767
B098JYT4SY,86,8.6,34.4,68,0.1863013698630137,9.904109589041095
B08CFCK6CW,76,7.6,30.4,74,0.20273972602739726,9.01917808219178
B09P564ZTJ,160,16.0,64.0,95,0.2602739726027397,17.82191780821918
B07MSLTW8Z,80,8.0,32.0,109,0.29863013698630136,10.090410958904108
B09N6TTHT6,179,17.900000000000002,71.6,109,0.29863013698630136,19.99041095890411
B098R25TGC,181,18.1,72.4,72,0.19726027397260273,19.48082191780822
B0B2PQL5N3,106,10.6,42.4,85,0.2328767123287671,12.23013698630137
B07DKZCZ89,61,6.1000000000000005,24.4,86,0.2356164383561644,7.749315068493152
B08GYG6T12,130,13.0,52.0,78,0.2136986301369863,14.495890410958904
B09BN2NPBD,173,17.3,69.2,109,0.29863013698630136,19.39041095890411
B00J4YG0PC,60,6.0,24.0,98,0.2684931506849315,7.879452054794521
B073BRXPZX,197,19.700000000000003,78.8,89,0.24383561643835616,21.406849315068495
B08LHTJTBB,124,12.4,49.6,84,0.23013698630136986,14.01095890410959
B07VTFN6HM,57,5.7,22.8,66,0.18082191780821918,6.965753424657534
B008QS9J6Y,99,9.9,39.6,71,0.19452054794520549,11.26164383561644
B09M8888DM,57,5.7,22.8,72,0.19726027397260273,7.080821917808219
B07Z1YVP72,59,5.9,23.6,114,0.31232876712328766,8.086301369863014
B082FTPRSK,82,8.200000000000001,32.8,106,0.29041095890410956,10.232876712328768
B09RF2QXGX,100,10.0,40.0,76,0.20821917808219179,11.457534246575342
B01KK0HU3Y,157,15.7,62.8,60,0.1643835616438356,16.850684931506848
B07JF9B592,114,11.4,45.6,102,0.27945205479452057,13.356164383561644
B086394NY5,144,14.4,57.6,80,0.2191780821917808,15.934246575342467
B017PDR9N0,144,14.4,57.6,133,0.3643835616438356,16.95068493150685
B07NC12T2R,183,18.3,73.2,82,0.22465753424657534,19.872602739726027
B07WKBD37W,129,12.9,51.6,62,0.16986301369863013,14.089041095890412
B08JMC1988,59,5.9,23.6,62,0.16986301369863013,7.089041095890411
B09GFN8WZL,104,10.4,41.6,94,0.25753424657534246,12.202739726027398
B095X38CJS,112,11.2,44.8,115,0.3150684931506849,13.405479452054793
B07ZKD8T1Q,141,14.1,56.4,132,0.36164383561643837,16.63150684931507
B07G3YNLJB,174,17.400000000000002,69.6,86,0.2356164383561644,19.049315068493154
B00P93X2H6,65,6.5,26.0,95,0.2602739726027397,8.321917808219178
B0798PJPCL,119,11.9,47.6,89,0.24383561643835616,13.606849315068494
B09GFWJDY1,72,7.2,28.8,110,0.3013698630136986,9.30958904109589
B09MZ6WZ6V,59,5.9,23.6,97,0.26575342465753427,7.76027397260274
B094QZLJQ6,196,19.6,78.4,81,0.2219178082191781,21.15342465753425
B07L3NDN24,123,12.3,49.2,90,0.2465753424657534,14.026027397260275
B08WD18LJZ,176,17.6,70.4,85,0.2328767123287671,19.23013698630137
B09CMM3VGK,161,16.1,64.4,344,0.9424657534246575,22.697260273972603
B09CMM3VGK,161,16.1,64.4,344,0.9424657534246575,22.697260273972603
B06XDKWLJH,87,8.700000000000001,34.8,101,0.27671232876712326,10.636986301369864
B01J1CFO5I,78,7.800000000000001,31.2,117,0.32054794520547947,10.043835616438358
B07J2NGB69,53,5.300000000000001,21.2,74,0.20273972602739726,6.719178082191782
B00MUTWLW4,90,9.0,36.0,89,0.24383561643835616,10.706849315068492
B017NC2IPM,97,9.7,38.8,96,0.26301369863013696,11.541095890410958
B00N1U7JXM,87,8.700000000000001,34.8,86,0.2356164383561644,10.349315068493151
B08HQL67D6,152,15.2,60.8,107,0.29315068493150687,17.252054794520546
B09RKFBCV7,190,19.0,76.0,105,0.2876712328767123,21.013698630136986
B08KHM9VBJ,65,6.5,26.0,74,0.20273972602739726,7.919178082191781
B01IOZUHRS,110,11.0,44.0,109,0.29863013698630136,13.090410958904108
B00CEQEGPI,102,10.2,40.8,83,0.2273972602739726,11.791780821917808
B08B6XWQ1C,120,12.0,48.0,121,0.3315068493150685,14.32054794520548
B01DGVKBC6,109,10.9,43.6,112,0.30684931506849317,13.047945205479452
B08JD36C6H,105,10.5,42.0,85,0.2328767123287671,12.13013698630137
B00E3DVQFS,172,17.2,68.8,81,0.2219178082191781,18.753424657534246
B00BN5SNF0,105,10.5,42.0,104,0.28493150684931506,12.494520547945205
B09SGGRKV8,188,18.8,75.2,90,0.2465753424657534,20.526027397260275
B09RZS1NQT,123,12.3,49.2,410,1.1232876712328768,20.163013698630138
B09RZS1NQT,123,12.3,49.2,410,1.1232876712328768,20.163013698630138
B084BR3QX8,182,18.2,72.8,105,0.2876712328767123,20.213698630136985
B09VC2D2WG,123,12.3,49.2,113,0.3095890410958904,14.467123287671233
B09163Q5CD,84,8.4,33.6,122,0.33424657534246577,10.73972602739726
B08K9PX15C,139,13.9,55.6,99,0.27123287671232876,15.7986301369863
B083RD1J99,151,15.1,60.4,79,0.21643835616438356,16.615068493150684
B09Z7YGV3R,163,16.3,65.2,86,0.2356164383561644,17.949315068493153
B00N3XLDW0,66,6.6000000000000005,26.4,85,0.2328767123287671,8.230136986301371
B07Z53L5QL,186,18.6,74.4,92,0.25205479452054796,20.364383561643837
B00P93X0VO,146,14.6,58.4,96,0.26301369863013696,16.44109589041096
B07SBGFDX9,184,18.4,73.6,110,0.3013698630136986,20.50958904109589
B00NH11KIK,72,7.2,28.8,432,1.1835616438356165,15.484931506849314
B00NH11KIK,72,7.2,28.8,432,1.1835616438356165,15.484931506849314
B07X2L5Z8C,158,15.8,63.2,98,0.2684931506849315,17.67945205479452
B00VA7YYUO,170,17.0,68.0,104,0.28493150684931506,18.994520547945207
B07L9FW9GF,95,9.5,38.0,77,0.21095890410958903,10.976712328767123
B08D64C9FN,158,15.8,63.2,100,0.273972602739726,17.71780821917808
B00LOD70SC,96,9.6,38.4,56,0.15342465753424658,10.673972602739726
B09X76VL5L,184,18.4,73.6,81,0.2219178082191781,19.953424657534246
B091JF2TFD,188,18.8,75.2,80,0.2191780821917808,20.334246575342465
B07S7DCJKS,181,18.1,72.4,88,0.2410958904109589,19.787671232876715
B09NC2TY11,112,11.2,44.8,106,0.29041095890410956,13.232876712328766
B0BDS8MY8J,78,7.800000000000001,31.2,98,0.2684931506849315,9.67945205479452
B09X7DY7Q4,190,19.0,76.0,69,0.18904109589041096,20.323287671232876
B09YV575RK,141,14.1,56.4,115,0.3150684931506849,16.305479452054794
B08LW31NQ6,133,13.3,53.2,93,0.2547945205479452,15.083561643835617
B09ND94ZRG,104,10.4,41.6,80,0.2191780821917808,11.934246575342467
B00P93X6EK,135,13.5,54.0,79,0.21643835616438356,15.015068493150686
B0994GP1CX,132,13.2,52.8,84,0.23013698630136986,14.810958904109588
B07H8W9PB6,72,7.2,28.8,93,0.2547945205479452,8.983561643835618
B09NNHFSSF,164,16.400000000000002,65.6,82,0.22465753424657534,17.972602739726028
B08D9NDZ1Y,104,10.4,41.6,85,0.2328767123287671,12.03013698630137
B0085IATT6,185,18.5,74.0,88,0.2410958904109589,20.187671232876713
B08WJ86PV2,192,19.200000000000003,76.8,83,0.2273972602739726,20.79178082191781
B078HRR1XV,112,11.2,44.8,104,0.28493150684931506,13.194520547945205
B09P22HXH6,171,17.1,68.4,84,0.23013698630136986,18.71095890410959
B00LM4X3XE,80,8.0,32.0,129,0.35342465753424657,10.473972602739726
B09YLFHFDW,97,9.7,38.8,89,0.24383561643835616,11.406849315068492
B07YWS9SP9,169,16.900000000000002,67.6,114,0.31232876712328766,19.086301369863016
B08WLY8V9S,118,11.8,47.2,114,0.31232876712328766,13.986301369863014
B0873L7J6X,174,17.400000000000002,69.6,100,0.273972602739726,19.317808219178083
B07YNHCW6N,60,6.0,24.0,95,0.2602739726027397,7.821917808219178
B01MQ2A86A,69,6.9,27.6,119,0.32602739726027397,9.182191780821919
B00KIE28X0,103,10.3,41.2,68,0.1863013698630137,11.604109589041096
B0BHYJ8CVF,80,8.0,32.0,102,0.27945205479452057,9.956164383561644
B0BCVJ3PVP,179,17.900000000000002,71.6,73,0.2,19.3
B0B2931FCV,166,16.6,66.4,90,0.2465753424657534,18.326027397260276
B09TMZ1MF8,109,10.9,43.6,69,0.18904109589041096,12.223287671232876
B07VV37FT4,137,13.7,54.8,82,0.22465753424657534,15.272602739726027
B07JB2Y4SR,165,16.5,66.0,78,0.2136986301369863,17.995890410958904
B08KRMK9LZ,167,16.7,66.8,130,0.3561643835616438,19.193150684931506
B08LT9BMPP,189,18.9,75.6,80,0.2191780821917808,20.434246575342463
B0814ZY6FP,101,10.1,40.4,109,0.29863013698630136,12.19041095890411
B09F3PDDRF,64,6.4,25.6,79,0.21643835616438356,7.915068493150685
B07X963JNS,155,15.5,62.0,99,0.27123287671232876,17.398630136986302
B09LD3116F,119,11.9,47.6,85,0.2328767123287671,13.53013698630137
B08Y5QJTVK,62,6.2,24.8,82,0.22465753424657534,7.772602739726027
B00LY1FN1K,85,8.5,34.0,102,0.27945205479452057,10.456164383561644
B07DJ5KYDZ,165,16.5,66.0,114,0.31232876712328766,18.686301369863013
B009LJ2BXA,182,18.2,72.8,117,0.32054794520547947,20.443835616438356
B09BVCVTBC,97,9.7,38.8,108,0.2958904109589041,11.771232876712329
B07SY4C3TD,102,10.2,40.8,101,0.27671232876712326,12.136986301369863
B094JB13XL,146,14.6,58.4,81,0.2219178082191781,16.153424657534245
B08CRRQK6Z,78,7.800000000000001,31.2,96,0.26301369863013696,9.64109589041096
B08MTLLSL8,158,15.8,63.2,89,0.24383561643835616,17.506849315068493
B08Y57TPDM,74,7.4,29.6,74,0.20273972602739726,8.819178082191781
B09CYTJV3N,111,11.1,44.4,103,0.2821917808219178,13.075342465753424
B07GLNJC25,128,12.8,51.2,99,0.27123287671232876,14.698630136986303
B08FY4FG5X,56,5.6000000000000005,22.4,91,0.2493150684931507,7.345205479452055
B07TMCXRFV,61,6.1000000000000005,24.4,88,0.2410958904109589,7.787671232876713
B01FSYQ2A4,160,16.0,64.0,338,0.9260273972602739,22.482191780821918
B01FSYQ2A4,160,16.0,64.0,338,0.9260273972602739,22.482191780821918
B00LZPQVMK,185,18.5,74.0,92,0.25205479452054796,20.264383561643836
B08X77LM8C,120,12.0,48.0,115,0.3150684931506849,14.205479452054794
B01EJ5MM5M,147,14.7,58.8,112,0.30684931506849317,16.84794520547945
B08J82K4GX,120,12.0,48.0,101,0.27671232876712326,13.936986301369863
B07Z1Z77ZZ,80,8.0,32.0,88,0.2410958904109589,9.687671232876713
B00DJ5N9VK,51,5.1000000000000005,20.4,121,0.3315068493150685,7.42054794520548
B08FGNPQ9X,55,5.5,22.0,80,0.2191780821917808,7.034246575342466
B07NTKGW45,180,18.0,72.0,57,0.15616438356164383,19.09315068493151
B08J4PL1Z3,178,17.8,71.2,80,0.2191780821917808,19.334246575342465
B07XJWTYM2,126,12.6,50.4,96,0.26301369863013696,14.441095890410958
B09939XJX8,126,12.6,50.4,95,0.2602739726027397,14.421917808219177
B09MDCZJXS,88,8.8,35.2,82,0.22465753424657534,10.372602739726029
B08CTQP51L,60,6.0,24.0,105,0.2876712328767123,8.013698630136986
B0BG62HMDJ,50,5.0,20.0,88,0.2410958904109589,6.6876712328767125
B08GTYFC37,125,12.5,50.0,90,0.2465753424657534,14.226027397260275
B08SBH499M,190,19.0,76.0,108,0.2958904109589041,21.07123287671233
B08FYB5HHK,83,8.3,33.2,98,0.2684931506849315,10.17945205479452
B0B5GJRTHB,130,13.0,52.0,108,0.2958904109589041,15.07123287671233
B09GBBJV72,107,10.7,42.8,77,0.21095890410958903,12.176712328767122
B07P434WJY,168,16.8,67.2,79,0.21643835616438356,18.315068493150687
B07T9FV9YP,108,10.8,43.2,81,0.2219178082191781,12.353424657534248
B08WKFSN84,185,18.5,74.0,76,0.20821917808219179,19.957534246575342
B09TBCVJS3,73,7.300000000000001,29.2,113,0.3095890410958904,9.467123287671233
B08TR61BVK,127,12.7,50.8,85,0.2328767123287671,14.330136986301369
B0B2CPVXHX,126,12.6,50.4,98,0.2684931506849315,14.479452054794521
B08XNL93PL,53,5.300000000000001,21.2,82,0.22465753424657534,6.8726027397260285
B088GXTJM3,66,6.6000000000000005,26.4,104,0.28493150684931506,8.594520547945207
B099S26HWG,170,17.0,68.0,115,0.3150684931506849,19.205479452054796
B08461VC1Z,125,12.5,50.0,114,0.31232876712328766,14.686301369863013
B00K32PEW4,143,14.3,57.2,84,0.23013698630136986,15.91095890410959
B09F9YQQ7B,113,11.3,45.2,326,0.8931506849315068,17.55205479452055
B09F9YQQ7B,113,11.3,45.2,326,0.8931506849315068,17.55205479452055
B07LFWP97N,87,8.700000000000001,34.8,102,0.27945205479452057,10.656164383561645
B0746N6WML,110,11.0,44.0,126,0.3452054794520548,13.416438356164385
B07W9KYT62,191,19.1,76.4,80,0.2191780821917808,20.634246575342466
B08D9MNH4B,62,6.2,24.8,87,0.23835616438356164,7.868493150684932
B078G6ZF5Z,98,9.8,39.2,332,0.9095890410958904,16.167123287671235
B078G6ZF5Z,98,9.8,39.2,332,0.9095890410958904,16.167123287671235
B09MKG4ZCM,77,7.7,30.8,78,0.2136986301369863,9.195890410958905
B07RZZ1QSW,156,15.6,62.4,84,0.23013698630136986,17.21095890410959
B07222HQKP,92,9.2,36.8,109,0.29863013698630136,11.290410958904108
B00NFD0ETQ,103,10.3,41.2,67,0.18356164383561643,11.584931506849315
B075DB1F13,172,17.2,68.8,65,0.1780821917808219,18.446575342465753
B0148NPH9I,55,5.5,22.0,90,0.2465753424657534,7.226027397260274
B01JOFKL0A,120,12.0,48.0,121,0.3315068493150685,14.32054794520548
B079S811J3,180,18.0,72.0,99,0.27123287671232876,19.898630136986302
B0083T231O,172,17.2,68.8,99,0.27123287671232876,19.0986301369863
B086PXQ2R4,125,12.5,50.0,97,0.26575342465753427,14.36027397260274
B07L1N3TJX,64,6.4,25.6,85,0.2328767123287671,8.03013698630137
B07YFWVRCM,174,17.400000000000002,69.6,79,0.21643835616438356,18.915068493150688
B08TDJ5BVF,79,7.9,31.6,57,0.15616438356164383,8.993150684931507
B09XXZXQC1,152,15.2,60.8,123,0.336986301369863,17.55890410958904
B083T5G5PM,185,18.5,74.0,103,0.2821917808219178,20.475342465753425
B0BHVPTM2C,106,10.6,42.4,77,0.21095890410958903,12.076712328767123
B01NBX5RSB,110,11.0,44.0,91,0.2493150684931507,12.745205479452055
B08MWJTST6,106,10.6,42.4,91,0.2493150684931507,12.345205479452055
B07R99NBVB,57,5.7,22.8,69,0.18904109589041096,7.023287671232877
B00LY12TH6,186,18.6,74.4,97,0.26575342465753427,20.460273972602742
B08497Z1MQ,182,18.2,72.8,93,0.2547945205479452,19.983561643835614
B07KNM95JK,81,8.1,32.4,80,0.2191780821917808,9.634246575342466
B09Q3M3WLJ,127,12.7,50.8,91,0.2493150684931507,14.445205479452055
B09B9SPC7F,121,12.1,48.4,125,0.3424657534246575,14.497260273972602
B099SD8PRP,162,16.2,64.8,76,0.20821917808219179,17.65753424657534
B00S2SEV7K,132,13.2,52.8,93,0.2547945205479452,14.983561643835616
B08WKCTFF3,75,7.5,30.0,83,0.2273972602739726,9.091780821917808
B08498D67S,123,12.3,49.2,103,0.2821917808219178,14.275342465753425
B00C3GBCIS,169,16.900000000000002,67.6,71,0.19452054794520549,18.26164383561644
B00URH5E34,136,13.6,54.4,97,0.26575342465753427,15.460273972602739
B00EYW1U68,198,19.8,79.2,79,0.21643835616438356,21.315068493150687
B08SMJT55F,193,19.3,77.2,86,0.2356164383561644,20.949315068493153
B08Y7MXFMK,69,6.9,27.6,86,0.2356164383561644,8.54931506849315
B086Q3QMFS,79,7.9,31.6,62,0.16986301369863013,9.089041095890412
B08498H13H,54,5.4,21.6,83,0.2273972602739726,6.991780821917809
B07LFQLKFZ,192,19.200000000000003,76.8,88,0.2410958904109589,20.887671232876716
B00LY17RHI,165,16.5,66.0,70,0.1917808219178082,17.84246575342466
B07W14CHV8,197,19.700000000000003,78.8,65,0.1780821917808219,20.946575342465756
B09F5Z694W,138,13.8,55.2,88,0.2410958904109589,15.487671232876714
B0B25LQQPC,160,16.0,64.0,80,0.2191780821917808,17.534246575342465
B01LYLJ99X,133,13.3,53.2,66,0.18082191780821918,14.565753424657535
B014SZPBM4,116,11.6,46.4,122,0.33424657534246577,13.93972602739726
B08CZHGHKH,125,12.5,50.0,108,0.2958904109589041,14.57123287671233
B0B2RBP83P,79,7.9,31.6,75,0.2054794520547945,9.338356164383562
B078W65FJ7,50,5.0,20.0,75,0.2054794520547945,6.438356164383562
B08S74GTBT,163,16.3,65.2,99,0.27123287671232876,18.198630136986303
B07QMRHWJD,56,5.6000000000000005,22.4,97,0.26575342465753427,7.4602739726027405
B07W7Z6DVL,69,6.9,27.6,113,0.3095890410958904,9.067123287671233
B07WMS7TWB,62,6.2,24.8,107,0.29315068493150687,8.252054794520548
B00H47GVGY,165,16.5,66.0,95,0.2602739726027397,18.32191780821918
B07VX71FZP,188,18.8,75.2,97,0.26575342465753427,20.66027397260274
B07NCKMXVZ,167,16.7,66.8,109,0.29863013698630136,18.790410958904108
B0B61DSF17,186,18.6,74.4,90,0.2465753424657534,20.326027397260276
B07VQGVL68,155,15.5,62.0,90,0.2465753424657534,17.226027397260275
B01LWYDEQ7,155,15.5,62.0,80,0.2191780821917808,17.034246575342465
B07VNFP3C2,72,7.2,28.8,104,0.28493150684931506,9.194520547945206
B00LUGTJGO,124,12.4,49.6,101,0.27671232876712326,14.336986301369864
B01MQZ7J8K,156,15.6,62.4,80,0.2191780821917808,17.134246575342466
B01GFTEV5Y,161,16.1,64.4,89,0.24383561643835616,17.806849315068494
B00NW4UWN6,51,5.1000000000000005,20.4,102,0.27945205479452057,7.0561643835616445
B01NCVJMKX,163,16.3,65.2,105,0.2876712328767123,18.313698630136987
B00O24PUO6,179,17.900000000000002,71.6,96,0.26301369863013696,19.74109589041096
B07GXPDLYQ,53,5.300000000000001,21.2,83,0.2273972602739726,6.891780821917809
B01C8P29N0,182,18.2,72.8,88,0.2410958904109589,19.887671232876713
B08KDBLMQP,113,11.3,45.2,90,0.2465753424657534,13.026027397260275
B078JDNZJ8,113,11.3,45.2,97,0.26575342465753427,13.160273972602742
B01M5F614J,51,5.1000000000000005,20.4,84,0.23013698630136986,6.71095890410959
B083GKDRKR,51,5.1000000000000005,20.4,100,0.273972602739726,7.017808219178082
B097R2V1W8,177,17.7,70.8,87,0.23835616438356164,19.36849315068493
B07YR26BJ3,99,9.9,39.6,82,0.22465753424657534,11.472602739726028
B097R45BH8,162,16.2,64.8,92,0.25205479452054796,17.964383561643835
B09X5C9VLK,191,19.1,76.4,87,0.23835616438356164,20.768493150684932
B01C8P29T4,129,12.9,51.6,82,0.22465753424657534,14.472602739726028
B00HVXS7WC,75,7.5,30.0,81,0.2219178082191781,9.053424657534247
B096YCN3SD,161,16.1,64.4,92,0.25205479452054796,17.864383561643837
B09LQH3SD9,135,13.5,54.0,79,0.21643835616438356,15.015068493150686
B09KNMLH4Y,148,14.8,59.2,88,0.2410958904109589,16.487671232876714
B00ABMASXG,148,14.8,59.2,89,0.24383561643835616,16.506849315068493
B07QDSN9V6,64,6.4,25.6,97,0.26575342465753427,8.26027397260274
B00YMJ0OI8,152,15.2,60.8,94,0.25753424657534246,17.002739726027396
B0B8XNPQPN,79,7.9,31.6,108,0.2958904109589041,9.971232876712328
B0814P4L98,173,17.3,69.2,92,0.25205479452054796,19.064383561643837
B008QTK47Q,174,17.400000000000002,69.6,99,0.27123287671232876,19.298630136986304
B088ZTJT2R,132,13.2,52.8,73,0.2,14.6
B0BK1K598K,195,19.5,78.0,101,0.27671232876712326,21.436986301369863
B09Y5FZK9N,73,7.300000000000001,29.2,77,0.21095890410958903,8.776712328767124
B09J2SCVQT,90,9.0,36.0,122,0.33424657534246577,11.33972602739726
B00TDD0YM4,85,8.5,34.0,78,0.2136986301369863,9.995890410958904
B078KRFWQB,97,9.7,38.8,91,0.2493150684931507,11.445205479452055
B07SRM58TP,106,10.6,42.4,80,0.2191780821917808,12.134246575342466
B00EDJJ7FS,135,13.5,54.0,104,0.28493150684931506,15.494520547945205
B0832W3B7Q,154,15.4,61.6,89,0.24383561643835616,17.106849315068494
B07WNK1FFN,102,10.2,40.8,95,0.2602739726027397,12.021917808219177
B009P2LK08,111,11.1,44.4,81,0.2219178082191781,12.653424657534247
B07DGD4Z4C,164,16.400000000000002,65.6,111,0.3041095890410959,18.528767123287672
B07GMFY9QM,89,8.9,35.6,89,0.24383561643835616,10.606849315068494
B0BGPN4GGH,160,16.0,64.0,101,0.27671232876712326,17.936986301369863
B0B2DZ5S6R,192,19.200000000000003,76.8,62,0.16986301369863013,20.389041095890413
B07S851WX5,171,17.1,68.4,93,0.2547945205479452,18.88356164383562
B01MY839VW,101,10.1,40.4,105,0.2876712328767123,12.113698630136986
B09LV1CMGH,124,12.4,49.6,88,0.2410958904109589,14.087671232876712
B01EY310UM,156,15.6,62.4,66,0.18082191780821918,16.865753424657534
B09NL7LBWT,192,19.200000000000003,76.8,80,0.2191780821917808,20.734246575342468
B008YW8M0G,116,11.6,46.4,71,0.19452054794520549,12.961643835616439
B097R3XH9R,103,10.3,41.2,82,0.22465753424657534,11.872602739726029
B08TM71L54,182,18.2,72.8,65,0.1780821917808219,19.446575342465753
B0BPBXNQQT,199,19.9,79.6,82,0.22465753424657534,21.472602739726025
B00W56GLOQ,175,17.5,70.0,84,0.23013698630136986,19.110958904109587
B0883KDSXC,192,19.200000000000003,76.8,81,0.2219178082191781,20.75342465753425
B078V8R9BS,185,18.5,74.0,96,0.26301369863013696,20.34109589041096
B08GSQXLJ2,166,16.6,66.4,56,0.15342465753424658,17.673972602739727
B01M5B0TPW,181,18.1,72.4,81,0.2219178082191781,19.65342465753425
B082KVTRW8,115,11.5,46.0,70,0.1917808219178082,12.842465753424658
B08CFJBZRK,103,10.3,41.2,119,0.32602739726027397,12.582191780821919
B07H3WDC4X,161,16.1,64.4,83,0.2273972602739726,17.69178082191781
B09ZTZ9N3Q,186,18.6,74.4,100,0.273972602739726,20.517808219178082
B083P71WKK,180,18.0,72.0,90,0.2465753424657534,19.726027397260275
B097R4D42G,71,7.1000000000000005,28.4,100,0.273972602739726,9.017808219178082
B07MKMFKPG,80,8.0,32.0,59,0.16164383561643836,9.131506849315068
B0949FPSFY,121,12.1,48.4,87,0.23835616438356164,13.76849315068493
B08F47T4X5,136,13.6,54.4,88,0.2410958904109589,15.287671232876711
B01M0505SJ,131,13.1,52.4,92,0.25205479452054796,14.864383561643836
B08D6RCM3Q,56,5.6000000000000005,22.4,100,0.273972602739726,7.517808219178082
B009P2LITG,68,6.800000000000001,27.2,96,0.26301369863013696,8.64109589041096
B00V9NHDI4,175,17.5,70.0,74,0.20273972602739726,18.91917808219178
B07WGPBXY9,69,6.9,27.6,83,0.2273972602739726,8.491780821917809
B00KRCBA6E,134,13.4,53.6,98,0.2684931506849315,15.279452054794522
B0B3X2BY3M,166,16.6,66.4,106,0.29041095890410956,18.63287671232877
B00F159RIK,136,13.6,54.4,108,0.2958904109589041,15.671232876712327
B08MV82R99,70,7.0,28.0,62,0.16986301369863013,8.189041095890412
B09VKWGZD7,133,13.3,53.2,68,0.1863013698630137,14.604109589041096
B009P2LK80,76,7.6,30.4,105,0.2876712328767123,9.613698630136986
B00A7PLVU6,100,10.0,40.0,96,0.26301369863013696,11.841095890410958
B0B25DJ352,197,19.700000000000003,78.8,101,0.27671232876712326,21.636986301369866
B013B2WGT6,70,7.0,28.0,81,0.2219178082191781,8.553424657534247
B097RJ867P,121,12.1,48.4,89,0.24383561643835616,13.806849315068494
B091V8HK8Z,130,13.0,52.0,95,0.2602739726027397,14.821917808219178
B071VNHMX2,85,8.5,34.0,95,0.2602739726027397,10.321917808219178
B08MVSGXMY,100,10.0,40.0,116,0.3178082191780822,12.224657534246575
B00H0B29DI,166,16.6,66.4,102,0.27945205479452057,18.556164383561644
B01GZSQJPA,158,15.8,63.2,61,0.16712328767123288,16.96986301369863
B08VGFX2B6,188,18.8,75.2,86,0.2356164383561644,20.449315068493153
B09GYBZPHF,85,8.5,34.0,106,0.29041095890410956,10.532876712328767
B0B4KPCBSH,138,13.8,55.2,127,0.34794520547945207,16.235616438356164
B09CGLY5CX,60,6.0,24.0,84,0.23013698630136986,7.610958904109589
B09JN37WBX,100,10.0,40.0,94,0.25753424657534246,11.802739726027397
B01I1LDZGA,100,10.0,40.0,76,0.20821917808219179,11.457534246575342
B0BN2576GQ,129,12.9,51.6,80,0.2191780821917808,14.434246575342467
B06XPYRWV5,92,9.2,36.8,62,0.16986301369863013,10.389041095890411
B01N1XVVLC,167,16.7,66.8,117,0.32054794520547947,18.943835616438356
B00O2R38C4,131,13.1,52.4,111,0.3041095890410959,15.228767123287671
B0B2CZTCL2,130,13.0,52.0,70,0.1917808219178082,14.342465753424658
B00PVT30YI,106,10.6,42.4,70,0.1917808219178082,11.942465753424656
B00SH18114,61,6.1000000000000005,24.4,52,0.14246575342465753,7.097260273972603
B00E9G8KOY,168,16.8,67.2,77,0.21095890410958903,18.276712328767125
B00H3H03Q4,57,5.7,22.8,54,0.14794520547945206,6.735616438356164
B0756K5DYZ,122,12.2,48.8,90,0.2465753424657534,13.926027397260274
B0188KPKB2,124,12.4,49.6,103,0.2821917808219178,14.375342465753425
B091KNVNS9,170,17.0,68.0,105,0.2876712328767123,19.013698630136986
B075JJ5NQC,112,11.2,44.8,102,0.27945205479452057,13.156164383561643
B0B5KZ3C53,144,14.4,57.6,70,0.1917808219178082,15.742465753424657
B09NTHQRW3,132,13.2,52.8,107,0.29315068493150687,15.252054794520546
B008YW3CYM,137,13.7,54.8,84,0.23013698630136986,15.310958904109588
B07QHHCB27,196,19.6,78.4,83,0.2273972602739726,21.19178082191781
B0BMFD94VD,117,11.7,46.8,116,0.3178082191780822,13.924657534246574
B00HZIOGXW,62,6.2,24.8,106,0.29041095890410956,8.232876712328768
B09CKSYBLR,102,10.2,40.8,98,0.2684931506849315,12.079452054794519
B072J83V9W,127,12.7,50.8,76,0.20821917808219179,14.157534246575342
B09MTLG4TP,192,19.200000000000003,76.8,101,0.27671232876712326,21.136986301369866
B097XJQZ8H,73,7.300000000000001,29.2,98,0.2684931506849315,9.17945205479452
B00935MD1C,137,13.7,54.8,110,0.3013698630136986,15.80958904109589
B0BR4F878Q,123,12.3,49.2,106,0.29041095890410956,14.332876712328767
B0B3G5XZN5,52,5.2,20.8,117,0.32054794520547947,7.443835616438356
B07WKB69RS,120,12.0,48.0,83,0.2273972602739726,13.591780821917808
B09DL9978Y,146,14.6,58.4,91,0.2493150684931507,16.345205479452055
B06XMZV7RH,88,8.8,35.2,105,0.2876712328767123,10.813698630136987
B09WMTJPG7,86,8.6,34.4,94,0.25753424657534246,10.402739726027397
B09ZK6THRR,197,19.700000000000003,78.8,84,0.23013698630136986,21.31095890410959
B07MP21WJD,50,5.0,20.0,92,0.25205479452054796,6.764383561643836
B09XB1R2F3,88,8.8,35.2,114,0.31232876712328766,10.986301369863014
B08Y5QJXSR,189,18.9,75.6,87,0.23835616438356164,20.56849315068493
B07WJXCTG9,66,6.6000000000000005,26.4,111,0.3041095890410959,8.728767123287671
B09NBZ36F7,140,14.0,56.0,67,0.18356164383561643,15.284931506849315
B0912WJ87V,91,9.1,36.4,92,0.25205479452054796,10.864383561643836
B0BMTZ4T1D,62,6.2,24.8,92,0.25205479452054796,7.964383561643836
B07Z51CGGH,151,15.1,60.4,100,0.273972602739726,17.017808219178082
B0BDG6QDYD,106,10.6,42.4,110,0.3013698630136986,12.70958904109589
B00YQLG7GK,72,7.2,28.8,95,0.2602739726027397,9.021917808219179
B00SMJPA9C,96,9.6,38.4,88,0.2410958904109589,11.287671232876711
B0B9RN5X8B,72,7.2,28.8,113,0.3095890410958904,9.367123287671234
B08QW937WV,74,7.4,29.6,87,0.23835616438356164,9.068493150684931
B0B4PPD89B,190,19.0,76.0,72,0.19726027397260273,20.38082191780822
B08GM5S4CQ,182,18.2,72.8,94,0.25753424657534246,20.002739726027396
B00NM6MO26,169,16.900000000000002,67.6,69,0.18904109589041096,18.223287671232878
B083M7WPZD,191,19.1,76.4,91,0.2493150684931507,20.845205479452055
B07GLSKXS1,54,5.4,21.6,87,0.23835616438356164,7.068493150684931
B09F6KL23R,146,14.6,58.4,88,0.2410958904109589,16.28767123287671
B094G9L9LT,196,19.6,78.4,73,0.2,21.0
B09FZ89DK6,176,17.6,70.4,102,0.27945205479452057,19.556164383561644
B0811VCGL5,152,15.2,60.8,99,0.27123287671232876,17.0986301369863
B07FXLC2G2,73,7.300000000000001,29.2,96,0.26301369863013696,9.14109589041096
B01LYU3BZF,187,18.7,74.8,74,0.20273972602739726,20.11917808219178
B083RC4WFJ,155,15.5,62.0,76,0.20821917808219179,16.957534246575342
B09SFRNKSR,128,12.8,51.2,101,0.27671232876712326,14.736986301369864
B07NRTCDS5,95,9.5,38.0,69,0.18904109589041096,10.823287671232876
B07SPVMSC6,152,15.2,60.8,79,0.21643835616438356,16.715068493150685
B09H3BXWTK,178,17.8,71.2,139,0.38082191780821917,20.465753424657535
B0073QGKAS,145,14.5,58.0,101,0.27671232876712326,16.436986301369863
B08GJ57MKL,156,15.6,62.4,85,0.2328767123287671,17.230136986301368
B009DA69W6,162,16.2,64.8,64,0.17534246575342466,17.42739726027397
B099PR2GQJ,116,11.6,46.4,149,0.40821917808219177,14.457534246575342
B08G8H8DPL,180,18.0,72.0,91,0.2493150684931507,19.745205479452054
B08VGM3YMF,63,6.300000000000001,25.2,109,0.29863013698630136,8.39041095890411
B08TTRVWKY,169,16.900000000000002,67.6,77,0.21095890410958903,18.376712328767127
B07T4D9FNY,183,18.3,73.2,82,0.22465753424657534,19.872602739726027
B07RX42D3D,87,8.700000000000001,34.8,89,0.24383561643835616,10.406849315068495
B08WRKSF9D,54,5.4,21.6,92,0.25205479452054796,7.164383561643836
B09R83SFYV,163,16.3,65.2,94,0.25753424657534246,18.102739726027398
B07989VV5K,156,15.6,62.4,95,0.2602739726027397,17.421917808219177
B07FL3WRX5,93,9.3,37.2,126,0.3452054794520548,11.716438356164385
B0BPCJM7TB,53,5.300000000000001,21.2,107,0.29315068493150687,7.352054794520549
B08H673XKN,108,10.8,43.2,78,0.2136986301369863,12.295890410958904
B07DXRGWDJ,81,8.1,32.4,104,0.28493150684931506,10.094520547945205
B08243SKCK,118,11.8,47.2,77,0.21095890410958903,13.276712328767124
B09SPTNG58,121,12.1,48.4,71,0.19452054794520549,13.461643835616439
B083J64CBB,155,15.5,62.0,93,0.2547945205479452,17.28356164383562
B08JV91JTK,194,19.4,77.6,65,0.1780821917808219,20.646575342465752
B0BQ3K23Y1,124,12.4,49.6,71,0.19452054794520549,13.76164383561644
B09MT94QLL,154,15.4,61.6,80,0.2191780821917808,16.934246575342467
B07NKNBTT3,70,7.0,28.0,118,0.3232876712328767,9.263013698630136
B09KPXTZXN,99,9.9,39.6,88,0.2410958904109589,11.587671232876712
B078HG2ZPS,198,19.8,79.2,75,0.2054794520547945,21.23835616438356
B07N2MGB3G,147,14.7,58.8,87,0.23835616438356164,16.36849315068493
B008LN8KDM,116,11.6,46.4,101,0.27671232876712326,13.536986301369863
B08MZNT7GP,64,6.4,25.6,96,0.26301369863013696,8.241095890410959
B009P2L7CO,83,8.3,33.2,76,0.20821917808219179,9.757534246575343
B07YC8JHMB,103,10.3,41.2,75,0.2054794520547945,11.738356164383562
B0BNQMF152,153,15.3,61.2,114,0.31232876712328766,17.486301369863014
B08J7VCT12,146,14.6,58.4,95,0.2602739726027397,16.421917808219177
B0989W6J2F,88,8.8,35.2,86,0.2356164383561644,10.449315068493151
B0B84KSH3X,195,19.5,78.0,78,0.2136986301369863,20.995890410958904
B08HLC7Z3G,190,19.0,76.0,109,0.29863013698630136,21.09041095890411
B0BN6M3TCM,177,17.7,70.8,103,0.2821917808219178,19.675342465753424
B01L6MT7E0,169,16.900000000000002,67.6,98,0.2684931506849315,18.779452054794522
B0B9F9PT8R,70,7.0,28.0,92,0.25205479452054796,8.764383561643836
B0883LQJ6B,180,18.0,72.0,76,0.20821917808219179,19.457534246575342
B099Z83VRC,152,15.2,60.8,75,0.2054794520547945,16.63835616438356
B00S9BSJC8,93,9.3,37.2,79,0.21643835616438356,10.815068493150687
B0B4SJKRDF,139,13.9,55.6,85,0.2328767123287671,15.53013698630137
B0BM4KTNL1,60,6.0,24.0,108,0.2958904109589041,8.07123287671233
B08S6RKT4L,76,7.6,30.4,101,0.27671232876712326,9.536986301369863
B09SZ5TWHW,150,15.0,60.0,76,0.20821917808219179,16.457534246575342
B0BLC2BYPX,60,6.0,24.0,113,0.3095890410958904,8.167123287671233
B00P0R95EA,57,5.7,22.8,83,0.2273972602739726,7.291780821917809
B07W4HTS8Q,141,14.1,56.4,101,0.27671232876712326,16.03698630136986
B078JBK4GX,81,8.1,32.4,97,0.26575342465753427,9.960273972602739
B08S7V8YTN,105,10.5,42.0,108,0.2958904109589041,12.57123287671233
B07H5PBN54,81,8.1,32.4,85,0.2328767123287671,9.73013698630137
B07YCBSCYB,110,11.0,44.0,95,0.2602739726027397,12.821917808219178
B098T9CJVQ,87,8.700000000000001,34.8,104,0.28493150684931506,10.694520547945206
B01KCSGBU2,171,17.1,68.4,80,0.2191780821917808,18.634246575342466
B095XCRDQW,194,19.4,77.6,64,0.17534246575342466,20.62739726027397
B09CTWFV5W,97,9.7,38.8,69,0.18904109589041096,11.023287671232875
B0B7NWGXS6,186,18.6,74.4,109,0.29863013698630136,20.69041095890411
B07DZ986Q2,91,9.1,36.4,119,0.32602739726027397,11.382191780821918
B07KKJPTWB,82,8.200000000000001,32.8,102,0.27945205479452057,10.156164383561645
B071R3LHFM,132,13.2,52.8,98,0.2684931506849315,15.079452054794519
B086X18Q71,155,15.5,62.0,124,0.33972602739726027,17.878082191780823
B07WVQG8WZ,50,5.0,20.0,101,0.27671232876712326,6.936986301369863
B0BFBNXS94,64,6.4,25.6,76,0.20821917808219179,7.857534246575343
B071113J7M,71,7.1000000000000005,28.4,77,0.21095890410958903,8.576712328767124
B09YLWT89W,173,17.3,69.2,90,0.2465753424657534,19.026027397260275
B0814LP6S9,102,10.2,40.8,93,0.2547945205479452,11.983561643835616
B07BKSSDR2,69,6.9,27.6,72,0.19726027397260273,8.28082191780822
B09VGS66FV,174,17.400000000000002,69.6,68,0.1863013698630137,18.7041095890411
B07RCGTZ4M,153,15.3,61.2,61,0.16712328767123288,16.46986301369863
B0747VDH9L,118,11.8,47.2,75,0.2054794520547945,13.238356164383562
B08XLR6DSB,53,5.300000000000001,21.2,105,0.2876712328767123,7.313698630136987
B08H6CZSHT,154,15.4,61.6,106,0.29041095890410956,17.432876712328767
B07CVR2L5K,182,18.2,72.8,77,0.21095890410958903,19.676712328767124
B09J4YQYX3,136,13.6,54.4,75,0.2054794520547945,15.038356164383561
B0B2DD8BQ8,128,12.8,51.2,58,0.1589041095890411,13.912328767123288
B0123P3PWE,157,15.7,62.8,77,0.21095890410958903,17.176712328767124
B08HDCWDXD,155,15.5,62.0,92,0.25205479452054796,17.264383561643836
B0836JGZ74,72,7.2,28.8,86,0.2356164383561644,8.849315068493151
B0BCKJJN8R,171,17.1,68.4,106,0.29041095890410956,19.13287671232877
B008P7IF02,113,11.3,45.2,82,0.22465753424657534,12.872602739726029
B08CNLYKW5,61,6.1000000000000005,24.4,70,0.1917808219178082,7.442465753424658
B08C7TYHPB,146,14.6,58.4,87,0.23835616438356164,16.268493150684932
B08VJFYH6N,115,11.5,46.0,84,0.23013698630136986,13.110958904109589
B08235JZFB,117,11.7,46.8,103,0.2821917808219178,13.675342465753424
B078XFKBZL,99,9.9,39.6,87,0.23835616438356164,11.568493150684931
B01M265AAK,55,5.5,22.0,65,0.1780821917808219,6.7465753424657535
B0B694PXQJ,93,9.3,37.2,95,0.2602739726027397,11.121917808219179
B00B3VFJY2,148,14.8,59.2,100,0.273972602739726,16.71780821917808
B08W9BK4MD,181,18.1,72.4,137,0.37534246575342467,20.727397260273975
B09X5HD5T1,161,16.1,64.4,97,0.26575342465753427,17.960273972602742
B08H6B3G96,166,16.6,66.4,94,0.25753424657534246,18.4027397260274
B09N3BFP4M,145,14.5,58.0,107,0.29315068493150687,16.552054794520547
B09DSQXCM8,139,13.9,55.6,86,0.2356164383561644,15.54931506849315
B01M69WCZ6,56,5.6000000000000005,22.4,98,0.2684931506849315,7.479452054794521
B0BM9H2NY9,61,6.1000000000000005,24.4,85,0.2328767123287671,7.73013698630137
B099FDW2ZF,88,8.8,35.2,93,0.2547945205479452,10.583561643835617
B0B935YNR7,118,11.8,47.2,115,0.3150684931506849,14.005479452054795
B07JGCGNDG,133,13.3,53.2,94,0.25753424657534246,15.102739726027398
B08L12N5H1,99,9.9,39.6,105,0.2876712328767123,11.913698630136986
B07GWTWFS2,165,16.5,66.0,81,0.2219178082191781,18.053424657534247
B09KRHXTLN,103,10.3,41.2,85,0.2328767123287671,11.93013698630137
B09H34V36W,150,15.0,60.0,94,0.25753424657534246,16.802739726027397
B09J2QCKKM,51,5.1000000000000005,20.4,79,0.21643835616438356,6.615068493150686
B09XRBJ94N,102,10.2,40.8,102,0.27945205479452057,12.156164383561643
B07SLNG3LW,87,8.700000000000001,34.8,105,0.2876712328767123,10.713698630136987
B0BNDGL26T,75,7.5,30.0,87,0.23835616438356164,9.168493150684931
B095PWLLY6,67,6.7,26.8,90,0.2465753424657534,8.426027397260274
B07Y9PY6Y1,52,5.2,20.8,84,0.23013698630136986,6.810958904109589
B0BJ966M5K,159,15.9,63.6,120,0.3287671232876712,18.2013698630137
B086GVRP63,50,5.0,20.0,88,0.2410958904109589,6.6876712328767125
B08MVXPTDG,77,7.7,30.8,128,0.3506849315068493,10.154794520547945
B0BMZ6SY89,118,11.8,47.2,80,0.2191780821917808,13.334246575342465
B09P1MFKG1,117,11.7,46.8,94,0.25753424657534246,13.502739726027396
B01LY9W8AF,150,15.0,60.0,90,0.2465753424657534,16.726027397260275
B07ZJND9B9,100,10.0,40.0,82,0.22465753424657534,11.572602739726028
B0B2CWRDB1,67,6.7,26.8,63,0.1726027397260274,7.9082191780821915
B072NCN9M4,145,14.5,58.0,93,0.2547945205479452,16.28356164383562
B08SKZ2RMG,50,5.0,20.0,102,0.27945205479452057,6.956164383561644
B0B53DS4TF,97,9.7,38.8,86,0.2356164383561644,11.34931506849315
B08BJN4MP3,65,6.5,26.0,103,0.2821917808219178,8.475342465753425
B0BCYQY9X5,64,6.4,25.6,104,0.28493150684931506,8.394520547945206
B009UORDX4,86,8.6,34.4,87,0.23835616438356164,10.26849315068493
B08VGDBF3B,92,9.2,36.8,102,0.27945205479452057,11.156164383561643
B012ELCYUG,78,7.800000000000001,31.2,90,0.2465753424657534,9.526027397260275
B07S9M8YTY,81,8.1,32.4,116,0.3178082191780822,10.324657534246576
B0B19VJXQZ,85,8.5,34.0,79,0.21643835616438356,10.015068493150686
B00SMFPJG0,187,18.7,74.8,79,0.21643835616438356,20.215068493150685
B0BHYLCL19,104,10.4,41.6,51,0.13972602739726028,11.378082191780823
B0BPJBTB3F,177,17.7,70.8,86,0.2356164383561644,19.34931506849315
B08MXJYB2V,75,7.5,30.0,95,0.2602739726027397,9.321917808219178
B081B1JL35,68,6.800000000000001,27.2,78,0.2136986301369863,8.295890410958904
B09VL9KFDB,164,16.400000000000002,65.6,88,0.2410958904109589,18.087671232876716
B0B1MDZV9C,124,12.4,49.6,97,0.26575342465753427,14.26027397260274
B08TT63N58,193,19.3,77.2,122,0.33424657534246577,21.63972602739726
B08YK7BBD2,152,15.2,60.8,78,0.2136986301369863,16.695890410958903
B07YQ5SN4H,158,15.8,63.2,91,0.2493150684931507,17.545205479452054
B0B7FJNSZR,58,5.800000000000001,23.2,72,0.19726027397260273,7.1808219178082195
B01N6IJG0F,159,15.9,63.6,89,0.24383561643835616,17.606849315068494
B0B84QN4CN,188,18.8,75.2,108,0.2958904109589041,20.87123287671233
B0B8ZM9RVV,104,10.4,41.6,81,0.2219178082191781,11.953424657534248
B01892MIPA,96,9.6,38.4,78,0.2136986301369863,11.095890410958903
B08ZHYNTM1,56,5.6000000000000005,22.4,65,0.1780821917808219,6.846575342465754
B09SDDQQKP,131,13.1,52.4,98,0.2684931506849315,14.979452054794521
B0B5RP43VN,146,14.6,58.4,98,0.2684931506849315,16.47945205479452
B096NTB9XT,106,10.6,42.4,104,0.28493150684931506,12.594520547945205
B078JF6X9B,88,8.8,35.2,106,0.29041095890410956,10.832876712328767
B08CGW4GYR,119,11.9,47.6,101,0.27671232876712326,13.836986301369864
B00A328ENA,66,6.6000000000000005,26.4,94,0.25753424657534246,8.402739726027399
B0763K5HLQ,193,19.3,77.2,93,0.2547945205479452,21.083561643835615
B09PDZNSBG,156,15.6,62.4,110,0.3013698630136986,17.70958904109589
B085LPT5F4,154,15.4,61.6,76,0.20821917808219179,16.857534246575344
B0B9RZ4G4W,62,6.2,24.8,103,0.2821917808219178,8.175342465753424
B0085W2MUQ,149,14.9,59.6,96,0.26301369863013696,16.74109589041096
B09474JWN6,54,5.4,21.6,66,0.18082191780821918,6.6657534246575345
B09G2VTHQM,71,7.1000000000000005,28.4,100,0.273972602739726,9.017808219178082
B07R679HTT,80,8.0,32.0,92,0.25205479452054796,9.764383561643836
B00B7GKXMG,85,8.5,34.0,82,0.22465753424657534,10.072602739726028
B07H3N8RJH,195,19.5,78.0,128,0.3506849315068493,21.954794520547946
B07K2HVKLL,174,17.400000000000002,69.6,106,0.29041095890410956,19.43287671232877
B09MQ9PDHR,111,11.1,44.4,82,0.22465753424657534,12.672602739726027
B014HDJ7ZE,97,9.7,38.8,106,0.29041095890410956,11.732876712328766
B07D2NMTTV,140,14.0,56.0,74,0.20273972602739726,15.419178082191781
B075K76YW1,98,9.8,39.2,109,0.29863013698630136,11.89041095890411
B0BNLFQDG2,123,12.3,49.2,112,0.30684931506849317,14.447945205479453
B082ZQ4479,96,9.6,38.4,123,0.336986301369863,11.95890410958904
B09Y358DZQ,137,13.7,54.8,100,0.273972602739726,15.617808219178082
B09M3F4HGB,123,12.3,49.2,104,0.28493150684931506,14.294520547945206
B07VZH6ZBB,159,15.9,63.6,94,0.25753424657534246,17.702739726027396
B07F366Z51,80,8.0,32.0,92,0.25205479452054796,9.764383561643836
B077BTLQ67,101,10.1,40.4,80,0.2191780821917808,11.634246575342466
B07YSJ7FF1,169,16.900000000000002,67.6,87,0.23835616438356164,18.568493150684933
B07TXCY3YK,173,17.3,69.2,90,0.2465753424657534,19.026027397260275
B07TC9F7PN,134,13.4,53.6,72,0.19726027397260273,14.78082191780822
B09NS5TKPN,139,13.9,55.6,87,0.23835616438356164,15.568493150684931
B00LP9RFSU,190,19.0,76.0,105,0.2876712328767123,21.013698630136986
B0B7L86YCB,194,19.4,77.6,88,0.2410958904109589,21.087671232876712
B09VPH38JS,52,5.2,20.8,80,0.2191780821917808,6.734246575342466
B01MUAUOCX,87,8.700000000000001,34.8,98,0.2684931506849315,10.579452054794523
B09MB3DKG1,62,6.2,24.8,87,0.23835616438356164,7.868493150684932
B08QHLXWV3,165,16.5,66.0,114,0.31232876712328766,18.686301369863013
B07G147SZD,102,10.2,40.8,115,0.3150684931506849,12.405479452054793
B09LH32678,161,16.1,64.4,99,0.27123287671232876,17.998630136986304
B09R1YFL6S,50,5.0,20.0,109,0.29863013698630136,7.090410958904109
B07Q4NJQC5,189,18.9,75.6,69,0.18904109589041096,20.223287671232875
B097RN7BBK,56,5.6000000000000005,22.4,102,0.27945205479452057,7.5561643835616445
B097MKZHNV,94,9.4,37.6,74,0.20273972602739726,10.819178082191781
B07LG96SDB,99,9.9,39.6,64,0.17534246575342466,11.127397260273973
B08KS2KQTK,107,10.7,42.8,113,0.3095890410958904,12.867123287671232
B095K14P86,165,16.5,66.0,115,0.3150684931506849,18.705479452054796
B08K36NZSV,62,6.2,24.8,69,0.18904109589041096,7.523287671232877
B07LDPLSZC,141,14.1,56.4,117,0.32054794520547947,16.343835616438355
B07F1T31ZZ,195,19.5,78.0,147,0.40273972602739727,22.31917808219178
B0BNDRK886,102,10.2,40.8,100,0.273972602739726,12.117808219178082
B09ZVJXN5L,145,14.5,58.0,94,0.25753424657534246,16.302739726027397
B08JKPVDKL,133,13.3,53.2,82,0.22465753424657534,14.872602739726029
B09JFR8H3Q,171,17.1,68.4,122,0.33424657534246577,19.439726027397263
B07LDN9Q2P,115,11.5,46.0,90,0.2465753424657534,13.226027397260275
B08T8KWNQ9,158,15.8,63.2,85,0.2328767123287671,17.43013698630137
B07Y1RCCW5,68,6.800000000000001,27.2,119,0.32602739726027397,9.082191780821919
B0762HXMTF,67,6.7,26.8,93,0.2547945205479452,8.483561643835618
B00K57MR22,197,19.700000000000003,78.8,94,0.25753424657534246,21.5027397260274
B07TTSS5MP,189,18.9,75.6,100,0.273972602739726,20.81780821917808
B09ZDVL7L8,188,18.8,75.2,86,0.2356164383561644,20.449315068493153
B09XHXXCFH,137,13.7,54.8,103,0.2821917808219178,15.675342465753424
B0BL3R4RGS,105,10.5,42.0,114,0.31232876712328766,12.686301369863013
B07P1BR7L8,138,13.8,55.2,83,0.2273972602739726,15.39178082191781
B078WB1VWJ,94,9.4,37.6,83,0.2273972602739726,10.991780821917809
B0BP89YBC1,161,16.1,64.4,95,0.2602739726027397,17.92191780821918
B09W9V2PXG,129,12.9,51.6,69,0.18904109589041096,14.223287671232876
B09XTQFFCG,112,11.2,44.8,114,0.31232876712328766,13.386301369863013
B08LVVTGZK,131,13.1,52.4,58,0.1589041095890411,14.212328767123287
B07J2BQZD6,144,14.4,57.6,80,0.2191780821917808,15.934246575342467
B07HK53XM4,151,15.1,60.4,91,0.2493150684931507,16.845205479452055
B08RDWBYCQ,157,15.7,62.8,83,0.2273972602739726,17.291780821917808
B09FHHTL8L,174,17.400000000000002,69.6,98,0.2684931506849315,19.279452054794522
B0BHNHMR3H,142,14.2,56.8,57,0.15616438356164383,15.293150684931506
B07D8VBYB4,179,17.900000000000002,71.6,111,0.3041095890410959,20.028767123287672
B0B3TBY2YX,53,5.300000000000001,21.2,106,0.29041095890410956,7.332876712328767
B088WCFPQF,174,17.400000000000002,69.6,86,0.2356164383561644,19.049315068493154
B07JZSG42Y,185,18.5,74.0,76,0.20821917808219179,19.957534246575342
B08YRMBK9R,152,15.2,60.8,92,0.25205479452054796,16.964383561643835
B00935MGHS,162,16.2,64.8,78,0.2136986301369863,17.695890410958903
B07B5XJ572,104,10.4,41.6,65,0.1780821917808219,11.646575342465754
B086199CWG,176,17.6,70.4,78,0.2136986301369863,19.095890410958905
B0BBWJFK5C,90,9.0,36.0,92,0.25205479452054796,10.764383561643836
B07GLS2563,160,16.0,64.0,101,0.27671232876712326,17.936986301369863
B09P182Z2H,198,19.8,79.2,105,0.2876712328767123,21.813698630136987
B0B59K1C8F,195,19.5,78.0,76,0.20821917808219179,20.957534246575342
B06Y36JKC3,92,9.2,36.8,60,0.1643835616438356,10.350684931506848
B075S9FVRY,167,16.7,66.8,94,0.25753424657534246,18.502739726027396
B08SJVD8QD,144,14.4,57.6,57,0.15616438356164383,15.493150684931507
B07FJNNZCJ,153,15.3,61.2,77,0.21095890410958903,16.776712328767125
B09MFR93KS,137,13.7,54.8,106,0.29041095890410956,15.732876712328766
B07Y5FDPKV,197,19.700000000000003,78.8,89,0.24383561643835616,21.406849315068495
B0756KCV5K,83,8.3,33.2,126,0.3452054794520548,10.716438356164385
B0BJ6P3LSK,196,19.6,78.4,104,0.28493150684931506,21.59452054794521
B09HS1NDRQ,68,6.800000000000001,27.2,80,0.2191780821917808,8.334246575342465
B018SJJ0GE,183,18.3,73.2,123,0.336986301369863,20.65890410958904
B09FPP3R1D,177,17.7,70.8,85,0.2328767123287671,19.33013698630137
B01F7B2JCI,61,6.1000000000000005,24.4,77,0.21095890410958903,7.576712328767124
B09NNZ1GF7,119,11.9,47.6,75,0.2054794520547945,13.338356164383562
B01CS4A5V4,121,12.1,48.4,84,0.23013698630136986,13.710958904109589
B0BL11S5QK,90,9.0,36.0,92,0.25205479452054796,10.764383561643836
B09BL2KHQW,194,19.4,77.6,74,0.20273972602739726,20.81917808219178
B081RLM75M,78,7.800000000000001,31.2,103,0.2821917808219178,9.775342465753425
B07SYYVP69,119,11.9,47.6,87,0.23835616438356164,13.568493150684931
B0BDZWMGZ1,89,8.9,35.6,78,0.2136986301369863,10.395890410958904
B078JT7LTD,146,14.6,58.4,84,0.23013698630136986,16.21095890410959
B09WF4Q7B3,140,14.0,56.0,103,0.2821917808219178,15.975342465753425
B092R48XXB,64,6.4,25.6,80,0.2191780821917808,7.934246575342466
B00KIDSU8S,95,9.5,38.0,93,0.2547945205479452,11.283561643835617
B0977CGNJJ,122,12.2,48.8,124,0.33972602739726027,14.57808219178082
B08WWKM5HQ,69,6.9,27.6,92,0.25205479452054796,8.664383561643836
B015GX9Y0W,54,5.4,21.6,78,0.2136986301369863,6.895890410958905
B089BDBDGM,144,14.4,57.6,90,0.2465753424657534,16.126027397260273
B0BPBG712X,80,8.0,32.0,65,0.1780821917808219,9.246575342465754
B00JBNZPFM,138,13.8,55.2,110,0.3013698630136986,15.909589041095892
B08N6P8G5K,59,5.9,23.6,107,0.29315068493150687,7.952054794520548
B07NPBG1B4,162,16.2,64.8,109,0.29863013698630136,18.290410958904108
B01MRARGBW,171,17.1,68.4,108,0.2958904109589041,19.17123287671233
B07VZYMQNZ,144,14.4,57.6,82,0.22465753424657534,15.972602739726028
B01L7C4IU2,161,16.1,64.4,97,0.26575342465753427,17.960273972602742
B09H7JDJCW,181,18.1,72.4,92,0.25205479452054796,19.864383561643837
B07F6GXNPB,75,7.5,30.0,90,0.2465753424657534,9.226027397260275
B0B97D658R,163,16.3,65.2,66,0.18082191780821918,17.565753424657537
B09NFSHCWN,150,15.0,60.0,78,0.2136986301369863,16.495890410958904
B076VQS87V,98,9.8,39.2,78,0.2136986301369863,11.295890410958904
B09LMMFW3S,192,19.200000000000003,76.8,112,0.30684931506849317,21.347945205479455
B0BBLHTRM9,111,11.1,44.4,69,0.18904109589041096,12.423287671232876
B0BJYSCWFQ,154,15.4,61.6,89,0.24383561643835616,17.106849315068494
B0187F2IOK,111,11.1,44.4,111,0.3041095890410959,13.228767123287671
B0B8CB7MHW,161,16.1,64.4,86,0.2356164383561644,17.749315068493154
B07K19NYZ8,114,11.4,45.6,82,0.22465753424657534,12.972602739726028
B08ZXZ362Z,80,8.0,32.0,60,0.1643835616438356,9.150684931506849
B00GHL8VP2,93,9.3,37.2,88,0.2410958904109589,10.987671232876714
B0B9JZW1SQ,89,8.9,35.6,76,0.20821917808219179,10.357534246575343
B00TI8E7BI,69,6.9,27.6,101,0.27671232876712326,8.836986301369864
B07J9KXQCC,116,11.6,46.4,112,0.30684931506849317,13.747945205479452
B0B3JSWG81,51,5.1000000000000005,20.4,126,0.3452054794520548,7.516438356164384
B08L7J3T31,98,9.8,39.2,113,0.3095890410958904,11.967123287671233
B01M6453MB,81,8.1,32.4,109,0.29863013698630136,10.19041095890411
B009P2LIL4,109,10.9,43.6,112,0.30684931506849317,13.047945205479452
B00J5DYCCA,140,14.0,56.0,66,0.18082191780821918,15.265753424657534
B01486F4G6,151,15.1,60.4,93,0.2547945205479452,16.883561643835616
